Home_id;Away_id;Bookmaker;OddHome;OddAway;Date;Score_home;Score_away;Season
Los Angeles Clippers;Utah Jazz;10x10bet;+131;-164;19 Jun 2021;131;119;2020-2021
Los Angeles Clippers;Utah Jazz;1xBet;+134;-143;19 Jun 2021;131;119;2020-2021
Los Angeles Clippers;Utah Jazz;bet-at-home;+123;-156;19 Jun 2021;131;119;2020-2021
Los Angeles Clippers;Utah Jazz;bet365;+129;-152;19 Jun 2021;131;119;2020-2021
Los Angeles Clippers;Utah Jazz;bwin;+125;-149;19 Jun 2021;131;119;2020-2021
Los Angeles Clippers;Utah Jazz;Coolbet;+131;-152;19 Jun 2021;131;119;2020-2021
Los Angeles Clippers;Utah Jazz;Curebet;+129;-154;19 Jun 2021;131;119;2020-2021
Los Angeles Clippers;Utah Jazz;GGBET;-185;+150;19 Jun 2021;131;119;2020-2021
Los Angeles Clippers;Utah Jazz;Lasbet;+133;-152;19 Jun 2021;131;119;2020-2021
Los Angeles Clippers;Utah Jazz;Marathonbet;+129;-145;19 Jun 2021;131;119;2020-2021
Los Angeles Clippers;Utah Jazz;Parimatch;+114;-143;19 Jun 2021;131;119;2020-2021
Los Angeles Clippers;Utah Jazz;Pinnacle;+129;-143;19 Jun 2021;131;119;2020-2021
Los Angeles Clippers;Utah Jazz;Unibet;+120;-143;19 Jun 2021;131;119;2020-2021
Los Angeles Clippers;Utah Jazz;William Hill;+125;-147;19 Jun 2021;131;119;2020-2021
Philadelphia 76ers;Orlando Magic;10x10bet;-256;+200;16 May 2021;128;117;2020-2021
Philadelphia 76ers;Orlando Magic;1xBet;-222;+206;16 May 2021;128;117;2020-2021
Philadelphia 76ers;Orlando Magic;bet-at-home;-278;+210;16 May 2021;128;117;2020-2021
Philadelphia 76ers;Orlando Magic;bet365;-244;+200;16 May 2021;128;117;2020-2021
Philadelphia 76ers;Orlando Magic;bwin;-238;+190;16 May 2021;128;117;2020-2021
Philadelphia 76ers;Orlando Magic;Coolbet;-263;+223;16 May 2021;128;117;2020-2021
Philadelphia 76ers;Orlando Magic;Curebet;-250;+204;16 May 2021;128;117;2020-2021
Philadelphia 76ers;Orlando Magic;GGBET;-244;+193;16 May 2021;128;117;2020-2021
Philadelphia 76ers;Orlando Magic;Lasbet;-244;+212;16 May 2021;128;117;2020-2021
Philadelphia 76ers;Orlando Magic;Marathonbet;-244;+216;16 May 2021;128;117;2020-2021
Philadelphia 76ers;Orlando Magic;Parimatch;-286;+215;16 May 2021;128;117;2020-2021
Philadelphia 76ers;Orlando Magic;Pinnacle;-256;+225;16 May 2021;128;117;2020-2021
Philadelphia 76ers;Orlando Magic;Unibet;-250;+204;16 May 2021;128;117;2020-2021
Philadelphia 76ers;Orlando Magic;William Hill;-250;+210;16 May 2021;128;117;2020-2021
Los Angeles Lakers;Houston Rockets;10x10bet;-526;+375;13 May 2021;124;122;2020-2021
Los Angeles Lakers;Houston Rockets;1xBet;-455;+409;13 May 2021;124;122;2020-2021
Los Angeles Lakers;Houston Rockets;bet-at-home;-526;+350;13 May 2021;124;122;2020-2021
Los Angeles Lakers;Houston Rockets;bet365;-526;+400;13 May 2021;124;122;2020-2021
Los Angeles Lakers;Houston Rockets;bwin;-400;+309;13 May 2021;124;122;2020-2021
Los Angeles Lakers;Houston Rockets;Coolbet;-500;+399;13 May 2021;124;122;2020-2021
Los Angeles Lakers;Houston Rockets;Curebet;-500;+380;13 May 2021;124;122;2020-2021
Los Angeles Lakers;Houston Rockets;GGBET;-400;+300;13 May 2021;124;122;2020-2021
Los Angeles Lakers;Houston Rockets;Lasbet;-500;+409;13 May 2021;124;122;2020-2021
Los Angeles Lakers;Houston Rockets;Marathonbet;-417;+355;13 May 2021;124;122;2020-2021
Los Angeles Lakers;Houston Rockets;Parimatch;-370;+270;13 May 2021;124;122;2020-2021
Los Angeles Lakers;Houston Rockets;Pinnacle;-500;+409;13 May 2021;124;122;2020-2021
Los Angeles Lakers;Houston Rockets;Unibet;-500;+380;13 May 2021;124;122;2020-2021
Los Angeles Lakers;Houston Rockets;William Hill;-556;+425;13 May 2021;124;122;2020-2021
Dallas Mavericks;New Orleans Pelicans;10x10bet;-455;+334;13 May 2021;125;107;2020-2021
Dallas Mavericks;New Orleans Pelicans;1xBet;-455;+409;13 May 2021;125;107;2020-2021
Dallas Mavericks;New Orleans Pelicans;bet-at-home;-588;+390;13 May 2021;125;107;2020-2021
Dallas Mavericks;New Orleans Pelicans;bet365;-500;+375;13 May 2021;125;107;2020-2021
Dallas Mavericks;New Orleans Pelicans;bwin;-500;+359;13 May 2021;125;107;2020-2021
Dallas Mavericks;New Orleans Pelicans;Coolbet;-476;+376;13 May 2021;125;107;2020-2021
Dallas Mavericks;New Orleans Pelicans;Curebet;-455;+350;13 May 2021;125;107;2020-2021
Dallas Mavericks;New Orleans Pelicans;GGBET;-435;+322;13 May 2021;125;107;2020-2021
Dallas Mavericks;New Orleans Pelicans;Lasbet;-435;+359;13 May 2021;125;107;2020-2021
Dallas Mavericks;New Orleans Pelicans;Marathonbet;-455;+384;13 May 2021;125;107;2020-2021
Dallas Mavericks;New Orleans Pelicans;Parimatch;-556;+420;13 May 2021;125;107;2020-2021
Dallas Mavericks;New Orleans Pelicans;Pinnacle;-455;+371;13 May 2021;125;107;2020-2021
Dallas Mavericks;New Orleans Pelicans;Unibet;-455;+350;13 May 2021;125;107;2020-2021
Dallas Mavericks;New Orleans Pelicans;William Hill;-476;+380;13 May 2021;125;107;2020-2021
Cleveland Cavaliers;Boston Celtics;10x10bet;+190;-244;13 May 2021;102;94 ;2020-2021
Cleveland Cavaliers;Boston Celtics;1xBet;+206;-222;13 May 2021;102;94 ;2020-2021
Cleveland Cavaliers;Boston Celtics;bet-at-home;+200;-263;13 May 2021;102;94 ;2020-2021
Cleveland Cavaliers;Boston Celtics;bet365;+200;-244;13 May 2021;102;94 ;2020-2021
Cleveland Cavaliers;Boston Celtics;bwin;+195;-238;13 May 2021;102;94 ;2020-2021
Cleveland Cavaliers;Boston Celtics;Coolbet;+216;-256;13 May 2021;102;94 ;2020-2021
Cleveland Cavaliers;Boston Celtics;Curebet;+200;-244;13 May 2021;102;94 ;2020-2021
Cleveland Cavaliers;Boston Celtics;GGBET;+193;-244;13 May 2021;102;94 ;2020-2021
Cleveland Cavaliers;Boston Celtics;Lasbet;+202;-233;13 May 2021;102;94 ;2020-2021
Cleveland Cavaliers;Boston Celtics;Marathonbet;+202;-227;13 May 2021;102;94 ;2020-2021
Cleveland Cavaliers;Boston Celtics;Parimatch;+190;-250;13 May 2021;102;94 ;2020-2021
Cleveland Cavaliers;Boston Celtics;Pinnacle;+204;-233;13 May 2021;102;94 ;2020-2021
Cleveland Cavaliers;Boston Celtics;Unibet;+175;-222;13 May 2021;102;94 ;2020-2021
Cleveland Cavaliers;Boston Celtics;William Hill;+204;-244;13 May 2021;102;94 ;2020-2021
Los Angeles Lakers;Denver Nuggets;10x10bet;+145;-182;04 May 2021; 93;89 ;2020-2021
Los Angeles Lakers;Denver Nuggets;1xBet;+154;-164;04 May 2021; 93;89 ;2020-2021
Los Angeles Lakers;Denver Nuggets;bet-at-home;+140;-179;04 May 2021; 93;89 ;2020-2021
Los Angeles Lakers;Denver Nuggets;bet365;+150;-172;04 May 2021; 93;89 ;2020-2021
Los Angeles Lakers;Denver Nuggets;bwin;+154;-189;04 May 2021; 93;89 ;2020-2021
Los Angeles Lakers;Denver Nuggets;Coolbet;+145;-169;04 May 2021; 93;89 ;2020-2021
Los Angeles Lakers;Denver Nuggets;Curebet;+150;-179;04 May 2021; 93;89 ;2020-2021
Los Angeles Lakers;Denver Nuggets;GGBET;+161;-200;04 May 2021; 93;89 ;2020-2021
Los Angeles Lakers;Denver Nuggets;Lasbet;+154;-175;04 May 2021; 93;89 ;2020-2021
Los Angeles Lakers;Denver Nuggets;Marathonbet;+160;-161;04 May 2021; 93;89 ;2020-2021
Los Angeles Lakers;Denver Nuggets;Parimatch;+127;-161;04 May 2021; 93;89 ;2020-2021
Los Angeles Lakers;Denver Nuggets;Pinnacle;+154;-172;04 May 2021; 93;89 ;2020-2021
Los Angeles Lakers;Denver Nuggets;Unibet;+143;-172;04 May 2021; 93;89 ;2020-2021
Los Angeles Lakers;Denver Nuggets;William Hill;+145;-164;04 May 2021; 93;89 ;2020-2021
Chicago Bulls;Philadelphia 76ers;10x10bet;+254;-333;04 May 2021; 94;106;2020-2021
Chicago Bulls;Philadelphia 76ers;1xBet;+260;-278;04 May 2021; 94;106;2020-2021
Chicago Bulls;Philadelphia 76ers;bet-at-home;+260;-357;04 May 2021; 94;106;2020-2021
Chicago Bulls;Philadelphia 76ers;bet365;+265;-333;04 May 2021; 94;106;2020-2021
Chicago Bulls;Philadelphia 76ers;bwin;+240;-303;04 May 2021; 94;106;2020-2021
Chicago Bulls;Philadelphia 76ers;Coolbet;+279;-345;04 May 2021; 94;106;2020-2021
Chicago Bulls;Philadelphia 76ers;Curebet;+267;-333;04 May 2021; 94;106;2020-2021
Chicago Bulls;Philadelphia 76ers;GGBET;+242;-312;04 May 2021; 94;106;2020-2021
Chicago Bulls;Philadelphia 76ers;Lasbet;+267;-312;04 May 2021; 94;106;2020-2021
Chicago Bulls;Philadelphia 76ers;Marathonbet;+284;-286;04 May 2021; 94;106;2020-2021
Chicago Bulls;Philadelphia 76ers;Parimatch;+225;-303;04 May 2021; 94;106;2020-2021
Chicago Bulls;Philadelphia 76ers;Pinnacle;+269;-312;04 May 2021; 94;106;2020-2021
Chicago Bulls;Philadelphia 76ers;Unibet;+260;-312;04 May 2021; 94;106;2020-2021
Chicago Bulls;Philadelphia 76ers;William Hill;+270;-333;04 May 2021; 94;106;2020-2021
Phoenix Suns;Utah Jazz;10x10bet;-161;+129;01 May 2021;121;100;2020-2021
Phoenix Suns;Utah Jazz;1xBet;-164;+154;01 May 2021;121;100;2020-2021
Phoenix Suns;Utah Jazz;bet-at-home;-169;+133;01 May 2021;121;100;2020-2021
Phoenix Suns;Utah Jazz;bet365;-167;+145;01 May 2021;121;100;2020-2021
Phoenix Suns;Utah Jazz;bwin;-161;+135;01 May 2021;121;100;2020-2021
Phoenix Suns;Utah Jazz;Coolbet;-161;+139;01 May 2021;121;100;2020-2021
Phoenix Suns;Utah Jazz;Curebet;-159;+133;01 May 2021;121;100;2020-2021
Phoenix Suns;Utah Jazz;GGBET;-192;+154;01 May 2021;121;100;2020-2021
Phoenix Suns;Utah Jazz;Lasbet;-154;+135;01 May 2021;121;100;2020-2021
Phoenix Suns;Utah Jazz;Marathonbet;-156;+154;01 May 2021;121;100;2020-2021
Phoenix Suns;Utah Jazz;Parimatch;-167;+141;01 May 2021;121;100;2020-2021
Phoenix Suns;Utah Jazz;Pinnacle;-152;+137;01 May 2021;121;100;2020-2021
Phoenix Suns;Utah Jazz;Unibet;-189;+160;01 May 2021;121;100;2020-2021
Phoenix Suns;Utah Jazz;William Hill;-164;+145;01 May 2021;121;100;2020-2021
Brooklyn Nets;Portland Trail Blazers;10x10bet;+127;-159;01 May 2021;109;128;2020-2021
Brooklyn Nets;Portland Trail Blazers;1xBet;+134;-143;01 May 2021;109;128;2020-2021
Brooklyn Nets;Portland Trail Blazers;bet-at-home;+122;-156;01 May 2021;109;128;2020-2021
Brooklyn Nets;Portland Trail Blazers;bet365;+129;-152;01 May 2021;109;128;2020-2021
Brooklyn Nets;Portland Trail Blazers;bwin;+125;-154;01 May 2021;109;128;2020-2021
Brooklyn Nets;Portland Trail Blazers;Coolbet;+133;-156;01 May 2021;109;128;2020-2021
Brooklyn Nets;Portland Trail Blazers;Curebet;+129;-154;01 May 2021;109;128;2020-2021
Brooklyn Nets;Portland Trail Blazers;GGBET;+112;-137;01 May 2021;109;128;2020-2021
Brooklyn Nets;Portland Trail Blazers;Lasbet;+133;-152;01 May 2021;109;128;2020-2021
Brooklyn Nets;Portland Trail Blazers;Marathonbet;+146;-147;01 May 2021;109;128;2020-2021
Brooklyn Nets;Portland Trail Blazers;Parimatch;+125;-147;01 May 2021;109;128;2020-2021
Brooklyn Nets;Portland Trail Blazers;Pinnacle;+138;-154;01 May 2021;109;128;2020-2021
Brooklyn Nets;Portland Trail Blazers;Unibet;+123;-147;01 May 2021;109;128;2020-2021
Brooklyn Nets;Portland Trail Blazers;William Hill;+129;-149;01 May 2021;109;128;2020-2021
Boston Celtics;San Antonio Spurs;10x10bet;-204;+162;30 Apr 2021;143;140;2020-2021
Boston Celtics;San Antonio Spurs;1xBet;-182;+172;30 Apr 2021;143;140;2020-2021
Boston Celtics;San Antonio Spurs;bet-at-home;-208;+160;30 Apr 2021;143;140;2020-2021
Boston Celtics;San Antonio Spurs;bet365;-192;+167;30 Apr 2021;143;140;2020-2021
Boston Celtics;San Antonio Spurs;bwin;-189;+154;30 Apr 2021;143;140;2020-2021
Boston Celtics;San Antonio Spurs;Coolbet;-196;+168;30 Apr 2021;143;140;2020-2021
Boston Celtics;San Antonio Spurs;Curebet;-200;+166;30 Apr 2021;143;140;2020-2021
Boston Celtics;San Antonio Spurs;GGBET;-182;+147;30 Apr 2021;143;140;2020-2021
Boston Celtics;San Antonio Spurs;Lasbet;-192;+168;30 Apr 2021;143;140;2020-2021
Boston Celtics;San Antonio Spurs;Marathonbet;-189;+169;30 Apr 2021;143;140;2020-2021
Boston Celtics;San Antonio Spurs;Parimatch;-196;+165;30 Apr 2021;143;140;2020-2021
Boston Celtics;San Antonio Spurs;Pinnacle;-192;+170;30 Apr 2021;143;140;2020-2021
Boston Celtics;San Antonio Spurs;Unibet;-204;+170;30 Apr 2021;143;140;2020-2021
Boston Celtics;San Antonio Spurs;William Hill;-189;+170;30 Apr 2021;143;140;2020-2021
Golden State Warriors;Dallas Mavericks;10x10bet;-175;+140;28 Apr 2021;103;133;2020-2021
Golden State Warriors;Dallas Mavericks;1xBet;-164;+154;28 Apr 2021;103;133;2020-2021
Golden State Warriors;Dallas Mavericks;bet-at-home;-175;+136;28 Apr 2021;103;133;2020-2021
Golden State Warriors;Dallas Mavericks;bet365;-172;+150;28 Apr 2021;103;133;2020-2021
Golden State Warriors;Dallas Mavericks;bwin;-175;+145;28 Apr 2021;103;133;2020-2021
Golden State Warriors;Dallas Mavericks;Coolbet;-179;+152;28 Apr 2021;103;133;2020-2021
Golden State Warriors;Dallas Mavericks;Curebet;-169;+142;28 Apr 2021;103;133;2020-2021
Golden State Warriors;Dallas Mavericks;GGBET;-169;+137;28 Apr 2021;103;133;2020-2021
Golden State Warriors;Dallas Mavericks;Lasbet;-167;+147;28 Apr 2021;103;133;2020-2021
Golden State Warriors;Dallas Mavericks;Marathonbet;-164;+147;28 Apr 2021;103;133;2020-2021
Golden State Warriors;Dallas Mavericks;Parimatch;-167;+142;28 Apr 2021;103;133;2020-2021
Golden State Warriors;Dallas Mavericks;Pinnacle;-164;+147;28 Apr 2021;103;133;2020-2021
Golden State Warriors;Dallas Mavericks;Unibet;-172;+143;28 Apr 2021;103;133;2020-2021
Golden State Warriors;Dallas Mavericks;William Hill;-164;+145;28 Apr 2021;103;133;2020-2021
New Orleans Pelicans;San Antonio Spurs;10x10bet;-159;+127;25 Apr 2021;108;110;2020-2021
New Orleans Pelicans;San Antonio Spurs;1xBet;-143;+134;25 Apr 2021;108;110;2020-2021
New Orleans Pelicans;San Antonio Spurs;bet-at-home;-159;+123;25 Apr 2021;108;110;2020-2021
New Orleans Pelicans;San Antonio Spurs;bet365;-152;+129;25 Apr 2021;108;110;2020-2021
New Orleans Pelicans;San Antonio Spurs;bwin;-149;+125;25 Apr 2021;108;110;2020-2021
New Orleans Pelicans;San Antonio Spurs;Coolbet;-159;+136;25 Apr 2021;108;110;2020-2021
New Orleans Pelicans;San Antonio Spurs;Curebet;-156;+131;25 Apr 2021;108;110;2020-2021
New Orleans Pelicans;San Antonio Spurs;GGBET;-164;+133;25 Apr 2021;108;110;2020-2021
New Orleans Pelicans;San Antonio Spurs;Lasbet;-152;+133;25 Apr 2021;108;110;2020-2021
New Orleans Pelicans;San Antonio Spurs;Marathonbet;-149;+135;25 Apr 2021;108;110;2020-2021
New Orleans Pelicans;San Antonio Spurs;Parimatch;-152;+129;25 Apr 2021;108;110;2020-2021
New Orleans Pelicans;San Antonio Spurs;Pinnacle;-147;+133;25 Apr 2021;108;110;2020-2021
New Orleans Pelicans;San Antonio Spurs;Unibet;-149;+125;25 Apr 2021;108;110;2020-2021
New Orleans Pelicans;San Antonio Spurs;William Hill;-149;+129;25 Apr 2021;108;110;2020-2021
New York Knicks;Los Angeles Lakers;10x10bet;-115;-108;12 Apr 2021;111;96 ;2020-2021
New York Knicks;Los Angeles Lakers;1xBet;-118;+110;12 Apr 2021;111;96 ;2020-2021
New York Knicks;Los Angeles Lakers;bet-at-home;-116;-110;12 Apr 2021;111;96 ;2020-2021
New York Knicks;Los Angeles Lakers;bet365;-116;-105;12 Apr 2021;111;96 ;2020-2021
New York Knicks;Los Angeles Lakers;bwin;-115;-105;12 Apr 2021;111;96 ;2020-2021
New York Knicks;Los Angeles Lakers;Coolbet;-112;-103;12 Apr 2021;111;96 ;2020-2021
New York Knicks;Los Angeles Lakers;GGBET;-123;+108;12 Apr 2021;111;96 ;2020-2021
New York Knicks;Los Angeles Lakers;Marathonbet;-110;-101;12 Apr 2021;111;96 ;2020-2021
New York Knicks;Los Angeles Lakers;Parimatch;-122;-103;12 Apr 2021;111;96 ;2020-2021
New York Knicks;Los Angeles Lakers;Pinnacle;-110;+100;12 Apr 2021;111;96 ;2020-2021
New York Knicks;Los Angeles Lakers;Unibet;-125;+104;12 Apr 2021;111;96 ;2020-2021
New York Knicks;Los Angeles Lakers;William Hill;-115;-105;12 Apr 2021;111;96 ;2020-2021
Dallas Mavericks;San Antonio Spurs;10x10bet;-263;+204;12 Apr 2021;117;119;2020-2021
Dallas Mavericks;San Antonio Spurs;1xBet;-227;+212;12 Apr 2021;117;119;2020-2021
Dallas Mavericks;San Antonio Spurs;bet-at-home;-263;+200;12 Apr 2021;117;119;2020-2021
Dallas Mavericks;San Antonio Spurs;bet365;-250;+210;12 Apr 2021;117;119;2020-2021
Dallas Mavericks;San Antonio Spurs;bwin;-238;+195;12 Apr 2021;117;119;2020-2021
Dallas Mavericks;San Antonio Spurs;Coolbet;-238;+202;12 Apr 2021;117;119;2020-2021
Dallas Mavericks;San Antonio Spurs;GGBET;-244;+202;12 Apr 2021;117;119;2020-2021
Dallas Mavericks;San Antonio Spurs;Marathonbet;-244;+216;12 Apr 2021;117;119;2020-2021
Dallas Mavericks;San Antonio Spurs;Parimatch;-250;+210;12 Apr 2021;117;119;2020-2021
Dallas Mavericks;San Antonio Spurs;Pinnacle;-244;+215;12 Apr 2021;117;119;2020-2021
Dallas Mavericks;San Antonio Spurs;Unibet;-250;+204;12 Apr 2021;117;119;2020-2021
Dallas Mavericks;San Antonio Spurs;William Hill;-250;+210;12 Apr 2021;117;119;2020-2021
Dallas Mavericks;Utah Jazz;10x10bet;+183;-233;05 Apr 2021;111;103;2020-2021
Dallas Mavericks;Utah Jazz;1xBet;+193;-204;05 Apr 2021;111;103;2020-2021
Dallas Mavericks;Utah Jazz;bet-at-home;+179;-233;05 Apr 2021;111;103;2020-2021
Dallas Mavericks;Utah Jazz;bet365;+185;-227;05 Apr 2021;111;103;2020-2021
Dallas Mavericks;Utah Jazz;bwin;+179;-222;05 Apr 2021;111;103;2020-2021
Dallas Mavericks;Utah Jazz;Coolbet;+200;-238;05 Apr 2021;111;103;2020-2021
Dallas Mavericks;Utah Jazz;GGBET;+181;-227;05 Apr 2021;111;103;2020-2021
Dallas Mavericks;Utah Jazz;Marathonbet;+206;-208;05 Apr 2021;111;103;2020-2021
Dallas Mavericks;Utah Jazz;Parimatch;+185;-222;05 Apr 2021;111;103;2020-2021
Dallas Mavericks;Utah Jazz;Pinnacle;+197;-222;05 Apr 2021;111;103;2020-2021
Dallas Mavericks;Utah Jazz;Unibet;+179;-217;05 Apr 2021;111;103;2020-2021
Dallas Mavericks;Utah Jazz;William Hill;+190;-222;05 Apr 2021;111;103;2020-2021
Oklahoma City Thunder;Detroit Pistons;10x10bet;+122;-152;05 Apr 2021;108;132;2020-2021
Oklahoma City Thunder;Detroit Pistons;1xBet;+134;-143;05 Apr 2021;108;132;2020-2021
Oklahoma City Thunder;Detroit Pistons;bet-at-home;+120;-154;05 Apr 2021;108;132;2020-2021
Oklahoma City Thunder;Detroit Pistons;bet365;+129;-152;05 Apr 2021;108;132;2020-2021
Oklahoma City Thunder;Detroit Pistons;bwin;+129;-154;05 Apr 2021;108;132;2020-2021
Oklahoma City Thunder;Detroit Pistons;Coolbet;+117;-137;05 Apr 2021;108;132;2020-2021
Oklahoma City Thunder;Detroit Pistons;GGBET;+129;-159;05 Apr 2021;108;132;2020-2021
Oklahoma City Thunder;Detroit Pistons;Marathonbet;+125;-139;05 Apr 2021;108;132;2020-2021
Oklahoma City Thunder;Detroit Pistons;Parimatch;+125;-147;05 Apr 2021;108;132;2020-2021
Oklahoma City Thunder;Detroit Pistons;Pinnacle;+125;-139;05 Apr 2021;108;132;2020-2021
Oklahoma City Thunder;Detroit Pistons;Unibet;+123;-143;05 Apr 2021;108;132;2020-2021
Oklahoma City Thunder;Detroit Pistons;William Hill;+129;-149;05 Apr 2021;108;132;2020-2021
Toronto Raptors;Washington Wizards;10x10bet;-222;+175;05 Apr 2021;103;101;2020-2021
Toronto Raptors;Washington Wizards;1xBet;-204;+193;05 Apr 2021;103;101;2020-2021
Toronto Raptors;Washington Wizards;bet-at-home;-227;+175;05 Apr 2021;103;101;2020-2021
Toronto Raptors;Washington Wizards;bet365;-227;+185;05 Apr 2021;103;101;2020-2021
Toronto Raptors;Washington Wizards;bwin;-238;+190;05 Apr 2021;103;101;2020-2021
Toronto Raptors;Washington Wizards;Coolbet;-217;+185;05 Apr 2021;103;101;2020-2021
Toronto Raptors;Washington Wizards;GGBET;-233;+185;05 Apr 2021;103;101;2020-2021
Toronto Raptors;Washington Wizards;Marathonbet;-217;+193;05 Apr 2021;103;101;2020-2021
Toronto Raptors;Washington Wizards;Parimatch;-217;+179;05 Apr 2021;103;101;2020-2021
Toronto Raptors;Washington Wizards;Pinnacle;-213;+187;05 Apr 2021;103;101;2020-2021
Toronto Raptors;Washington Wizards;Unibet;-200;+165;05 Apr 2021;103;101;2020-2021
Toronto Raptors;Washington Wizards;William Hill;-222;+190;05 Apr 2021;103;101;2020-2021
Portland Trail Blazers;Milwaukee Bucks;10x10bet;+134;-167;03 Apr 2021;109;127;2020-2021
Portland Trail Blazers;Milwaukee Bucks;1xBet;+134;-143;03 Apr 2021;109;127;2020-2021
Portland Trail Blazers;Milwaukee Bucks;bet-at-home;+120;-154;03 Apr 2021;109;127;2020-2021
Portland Trail Blazers;Milwaukee Bucks;bet365;+129;-152;03 Apr 2021;109;127;2020-2021
Portland Trail Blazers;Milwaukee Bucks;bwin;+125;-149;03 Apr 2021;109;127;2020-2021
Portland Trail Blazers;Milwaukee Bucks;Coolbet;+122;-143;03 Apr 2021;109;127;2020-2021
Portland Trail Blazers;Milwaukee Bucks;GGBET;+129;-161;03 Apr 2021;109;127;2020-2021
Portland Trail Blazers;Milwaukee Bucks;Marathonbet;+141;-143;03 Apr 2021;109;127;2020-2021
Portland Trail Blazers;Milwaukee Bucks;Parimatch;+127;-149;03 Apr 2021;109;127;2020-2021
Portland Trail Blazers;Milwaukee Bucks;Pinnacle;+131;-147;03 Apr 2021;109;127;2020-2021
Portland Trail Blazers;Milwaukee Bucks;Unibet;+123;-147;03 Apr 2021;109;127;2020-2021
Portland Trail Blazers;Milwaukee Bucks;William Hill;+129;-149;03 Apr 2021;109;127;2020-2021
Detroit Pistons;Toronto Raptors;10x10bet;+172;-217;30 Mar 2021;118;104;2020-2021
Detroit Pistons;Toronto Raptors;1xBet;+188;-200;30 Mar 2021;118;104;2020-2021
Detroit Pistons;Toronto Raptors;bet-at-home;+170;-222;30 Mar 2021;118;104;2020-2021
Detroit Pistons;Toronto Raptors;bet365;+179;-222;30 Mar 2021;118;104;2020-2021
Detroit Pistons;Toronto Raptors;bwin;+179;-222;30 Mar 2021;118;104;2020-2021
Detroit Pistons;Toronto Raptors;Coolbet;+173;-204;30 Mar 2021;118;104;2020-2021
Detroit Pistons;Toronto Raptors;GGBET;+189;-238;30 Mar 2021;118;104;2020-2021
Detroit Pistons;Toronto Raptors;Marathonbet;+181;-204;30 Mar 2021;118;104;2020-2021
Detroit Pistons;Toronto Raptors;Parimatch;+179;-213;30 Mar 2021;118;104;2020-2021
Detroit Pistons;Toronto Raptors;Pinnacle;+177;-200;30 Mar 2021;118;104;2020-2021
Detroit Pistons;Toronto Raptors;Unibet;+160;-192;30 Mar 2021;118;104;2020-2021
Detroit Pistons;Toronto Raptors;William Hill;+185;-213;30 Mar 2021;118;104;2020-2021
San Antonio Spurs;Chicago Bulls;10x10bet;-118;-105;28 Mar 2021;120;104;2020-2021
San Antonio Spurs;Chicago Bulls;1xBet;-112;+106;28 Mar 2021;120;104;2020-2021
San Antonio Spurs;Chicago Bulls;bet-at-home;-120;-106;28 Mar 2021;120;104;2020-2021
San Antonio Spurs;Chicago Bulls;bet365;-120;+100;28 Mar 2021;120;104;2020-2021
San Antonio Spurs;Chicago Bulls;bwin;-120;+100;28 Mar 2021;120;104;2020-2021
San Antonio Spurs;Chicago Bulls;Coolbet;-109;-106;28 Mar 2021;120;104;2020-2021
San Antonio Spurs;Chicago Bulls;GGBET;-123;+100;28 Mar 2021;120;104;2020-2021
San Antonio Spurs;Chicago Bulls;Marathonbet;-116;+104;28 Mar 2021;120;104;2020-2021
San Antonio Spurs;Chicago Bulls;Parimatch;-119;+102;28 Mar 2021;120;104;2020-2021
San Antonio Spurs;Chicago Bulls;Pinnacle;-111;+100;28 Mar 2021;120;104;2020-2021
San Antonio Spurs;Chicago Bulls;Unibet;-125;+104;28 Mar 2021;120;104;2020-2021
San Antonio Spurs;Chicago Bulls;William Hill;-120;+100;28 Mar 2021;120;104;2020-2021
Indiana Pacers;Detroit Pistons;10x10bet;-333;+254;24 Mar 2021;116;111;2020-2021
Indiana Pacers;Detroit Pistons;1xBet;-278;+260;24 Mar 2021;116;111;2020-2021
Indiana Pacers;Detroit Pistons;bet-at-home;-345;+250;24 Mar 2021;116;111;2020-2021
Indiana Pacers;Detroit Pistons;bet365;-323;+260;24 Mar 2021;116;111;2020-2021
Indiana Pacers;Detroit Pistons;bwin;-333;+260;24 Mar 2021;116;111;2020-2021
Indiana Pacers;Detroit Pistons;Coolbet;-323;+264;24 Mar 2021;116;111;2020-2021
Indiana Pacers;Detroit Pistons;GGBET;-312;+242;24 Mar 2021;116;111;2020-2021
Indiana Pacers;Detroit Pistons;Marathonbet;-333;+290;24 Mar 2021;116;111;2020-2021
Indiana Pacers;Detroit Pistons;Parimatch;-323;+260;24 Mar 2021;116;111;2020-2021
Indiana Pacers;Detroit Pistons;Pinnacle;-312;+267;24 Mar 2021;116;111;2020-2021
Indiana Pacers;Detroit Pistons;Unibet;-270;+225;24 Mar 2021;116;111;2020-2021
Indiana Pacers;Detroit Pistons;William Hill;-312;+254;24 Mar 2021;116;111;2020-2021
Portland Trail Blazers;Brooklyn Nets;10x10bet;-137;+110;24 Mar 2021;112;116;2020-2021
Portland Trail Blazers;Brooklyn Nets;1xBet;-128;+120;24 Mar 2021;112;116;2020-2021
Portland Trail Blazers;Brooklyn Nets;bet-at-home;-141;+110;24 Mar 2021;112;116;2020-2021
Portland Trail Blazers;Brooklyn Nets;bet365;-132;+110;24 Mar 2021;112;116;2020-2021
Portland Trail Blazers;Brooklyn Nets;bwin;-139;+114;24 Mar 2021;112;116;2020-2021
Portland Trail Blazers;Brooklyn Nets;Coolbet;-132;+114;24 Mar 2021;112;116;2020-2021
Portland Trail Blazers;Brooklyn Nets;GGBET;-159;+129;24 Mar 2021;112;116;2020-2021
Portland Trail Blazers;Brooklyn Nets;Marathonbet;-130;+127;24 Mar 2021;112;116;2020-2021
Portland Trail Blazers;Brooklyn Nets;Parimatch;-135;+114;24 Mar 2021;112;116;2020-2021
Portland Trail Blazers;Brooklyn Nets;Pinnacle;-128;+116;24 Mar 2021;112;116;2020-2021
Portland Trail Blazers;Brooklyn Nets;Unibet;-161;+135;24 Mar 2021;112;116;2020-2021
Portland Trail Blazers;Brooklyn Nets;William Hill;-141;+120;24 Mar 2021;112;116;2020-2021
Houston Rockets;Golden State Warriors;10x10bet;+480;-714;18 Mar 2021; 94;108;2020-2021
Houston Rockets;Golden State Warriors;1xBet;+430;-476;18 Mar 2021; 94;108;2020-2021
Houston Rockets;Golden State Warriors;bet-at-home;+459;-769;18 Mar 2021; 94;108;2020-2021
Houston Rockets;Golden State Warriors;bet365;+525;-769;18 Mar 2021; 94;108;2020-2021
Houston Rockets;Golden State Warriors;bwin;+400;-556;18 Mar 2021; 94;108;2020-2021
Houston Rockets;Golden State Warriors;Coolbet;+451;-588;18 Mar 2021; 94;108;2020-2021
Houston Rockets;Golden State Warriors;GGBET;+505;-769;18 Mar 2021; 94;108;2020-2021
Houston Rockets;Golden State Warriors;Marathonbet;+445;-526;18 Mar 2021; 94;108;2020-2021
Houston Rockets;Golden State Warriors;Parimatch;+500;-714;18 Mar 2021; 94;108;2020-2021
Houston Rockets;Golden State Warriors;Pinnacle;+490;-625;18 Mar 2021; 94;108;2020-2021
Houston Rockets;Golden State Warriors;Unibet;+525;-769;18 Mar 2021; 94;108;2020-2021
Houston Rockets;Golden State Warriors;William Hill;+500;-714;18 Mar 2021; 94;108;2020-2021
Indiana Pacers;Brooklyn Nets;10x10bet;-132;+106;17 Mar 2021;115;124;2020-2021
Indiana Pacers;Brooklyn Nets;1xBet;-120;+112;17 Mar 2021;115;124;2020-2021
Indiana Pacers;Brooklyn Nets;bet-at-home;-128;+100;17 Mar 2021;115;124;2020-2021
Indiana Pacers;Brooklyn Nets;bet365;-132;+110;17 Mar 2021;115;124;2020-2021
Indiana Pacers;Brooklyn Nets;bwin;-120;+100;17 Mar 2021;115;124;2020-2021
Indiana Pacers;Brooklyn Nets;Coolbet;-120;+104;17 Mar 2021;115;124;2020-2021
Indiana Pacers;Brooklyn Nets;GGBET;-127;+104;17 Mar 2021;115;124;2020-2021
Indiana Pacers;Brooklyn Nets;Marathonbet;-123;+110;17 Mar 2021;115;124;2020-2021
Indiana Pacers;Brooklyn Nets;Parimatch;-139;+110;17 Mar 2021;115;124;2020-2021
Indiana Pacers;Brooklyn Nets;Pinnacle;-118;+106;17 Mar 2021;115;124;2020-2021
Indiana Pacers;Brooklyn Nets;Unibet;+125;-149;17 Mar 2021;115;124;2020-2021
Indiana Pacers;Brooklyn Nets;William Hill;-125;+104;17 Mar 2021;115;124;2020-2021
Indiana Pacers;Denver Nuggets;1xBet;+149;-159;05 Mar 2021;103;113;2020-2021
Indiana Pacers;Denver Nuggets;bet-at-home;+133;-172;05 Mar 2021;103;113;2020-2021
Indiana Pacers;Denver Nuggets;bet365;+145;-167;05 Mar 2021;103;113;2020-2021
Indiana Pacers;Denver Nuggets;bwin;+165;-200;05 Mar 2021;103;113;2020-2021
Indiana Pacers;Denver Nuggets;Coolbet;+141;-164;05 Mar 2021;103;113;2020-2021
Indiana Pacers;Denver Nuggets;GGBET;+140;-172;05 Mar 2021;103;113;2020-2021
Indiana Pacers;Denver Nuggets;Marathonbet;+152;-154;05 Mar 2021;103;113;2020-2021
Indiana Pacers;Denver Nuggets;Parimatch;+140;-167;05 Mar 2021;103;113;2020-2021
Indiana Pacers;Denver Nuggets;Pinnacle;+143;-159;05 Mar 2021;103;113;2020-2021
Indiana Pacers;Denver Nuggets;Unibet;+129;-154;05 Mar 2021;103;113;2020-2021
Indiana Pacers;Denver Nuggets;William Hill;+145;-164;05 Mar 2021;103;113;2020-2021
Dallas Mavericks;Oklahoma City Thunder;1xBet;-189;+177;04 Mar 2021; 87;78 ;2020-2021
Dallas Mavericks;Oklahoma City Thunder;bet-at-home;-213;+165;04 Mar 2021; 87;78 ;2020-2021
Dallas Mavericks;Oklahoma City Thunder;bet365;-213;+175;04 Mar 2021; 87;78 ;2020-2021
Dallas Mavericks;Oklahoma City Thunder;bwin;-200;+165;04 Mar 2021; 87;78 ;2020-2021
Dallas Mavericks;Oklahoma City Thunder;Coolbet;-213;+179;04 Mar 2021; 87;78 ;2020-2021
Dallas Mavericks;Oklahoma City Thunder;GGBET;-182;+147;04 Mar 2021; 87;78 ;2020-2021
Dallas Mavericks;Oklahoma City Thunder;Marathonbet;-182;+179;04 Mar 2021; 87;78 ;2020-2021
Dallas Mavericks;Oklahoma City Thunder;Parimatch;-213;+165;04 Mar 2021; 87;78 ;2020-2021
Dallas Mavericks;Oklahoma City Thunder;Pinnacle;-196;+175;04 Mar 2021; 87;78 ;2020-2021
Dallas Mavericks;Oklahoma City Thunder;Unibet;-200;+165;04 Mar 2021; 87;78 ;2020-2021
Dallas Mavericks;Oklahoma City Thunder;William Hill;-200;+175;04 Mar 2021; 87;78 ;2020-2021
Philadelphia 76ers;Dallas Mavericks;1xBet;-192;+179;25 Feb 2021;111;97 ;2020-2021
Philadelphia 76ers;Dallas Mavericks;bet-at-home;-204;+154;25 Feb 2021;111;97 ;2020-2021
Philadelphia 76ers;Dallas Mavericks;bet365;-185;+165;25 Feb 2021;111;97 ;2020-2021
Philadelphia 76ers;Dallas Mavericks;bwin;-213;+175;25 Feb 2021;111;97 ;2020-2021
Philadelphia 76ers;Dallas Mavericks;Coolbet;-196;+167;25 Feb 2021;111;97 ;2020-2021
Philadelphia 76ers;Dallas Mavericks;GGBET;-200;+161;25 Feb 2021;111;97 ;2020-2021
Philadelphia 76ers;Dallas Mavericks;Marathonbet;-185;+184;25 Feb 2021;111;97 ;2020-2021
Philadelphia 76ers;Dallas Mavericks;Parimatch;-200;+154;25 Feb 2021;111;97 ;2020-2021
Philadelphia 76ers;Dallas Mavericks;Pinnacle;-189;+169;25 Feb 2021;111;97 ;2020-2021
Philadelphia 76ers;Dallas Mavericks;Unibet;-192;+160;25 Feb 2021;111;97 ;2020-2021
Philadelphia 76ers;Dallas Mavericks;William Hill;-189;+170;25 Feb 2021;111;97 ;2020-2021
Cleveland Cavaliers;Milwaukee Bucks;1xBet;+459;-500;05 Feb 2021;105;123;2020-2021
Cleveland Cavaliers;Milwaukee Bucks;bet-at-home;+480;-769;05 Feb 2021;105;123;2020-2021
Cleveland Cavaliers;Milwaukee Bucks;bet365;+450;-625;05 Feb 2021;105;123;2020-2021
Cleveland Cavaliers;Milwaukee Bucks;bwin;+400;-556;05 Feb 2021;105;123;2020-2021
Cleveland Cavaliers;Milwaukee Bucks;Coolbet;+459;-588;05 Feb 2021;105;123;2020-2021
Cleveland Cavaliers;Milwaukee Bucks;GGBET;+394;-556;05 Feb 2021;105;123;2020-2021
Cleveland Cavaliers;Milwaukee Bucks;Marathonbet;+465;-556;05 Feb 2021;105;123;2020-2021
Cleveland Cavaliers;Milwaukee Bucks;Parimatch;+520;-714;05 Feb 2021;105;123;2020-2021
Cleveland Cavaliers;Milwaukee Bucks;Pinnacle;+434;-556;05 Feb 2021;105;123;2020-2021
Cleveland Cavaliers;Milwaukee Bucks;Unibet;+475;-667;05 Feb 2021;105;123;2020-2021
Cleveland Cavaliers;Milwaukee Bucks;William Hill;+475;-667;05 Feb 2021;105;123;2020-2021
Minnesota Timberwolves;Cleveland Cavaliers;1xBet;+148;-156;01 Feb 2021;109;104;2020-2021
Minnesota Timberwolves;Cleveland Cavaliers;bet-at-home;+127;-164;01 Feb 2021;109;104;2020-2021
Minnesota Timberwolves;Cleveland Cavaliers;bet365;+140;-161;01 Feb 2021;109;104;2020-2021
Minnesota Timberwolves;Cleveland Cavaliers;bwin;+125;-149;01 Feb 2021;109;104;2020-2021
Minnesota Timberwolves;Cleveland Cavaliers;Coolbet;+143;-167;01 Feb 2021;109;104;2020-2021
Minnesota Timberwolves;Cleveland Cavaliers;GGBET;+129;-159;01 Feb 2021;109;104;2020-2021
Minnesota Timberwolves;Cleveland Cavaliers;Marathonbet;+146;-161;01 Feb 2021;109;104;2020-2021
Minnesota Timberwolves;Cleveland Cavaliers;Parimatch;+133;-167;01 Feb 2021;109;104;2020-2021
Minnesota Timberwolves;Cleveland Cavaliers;Pinnacle;+141;-156;01 Feb 2021;109;104;2020-2021
Minnesota Timberwolves;Cleveland Cavaliers;Unibet;+138;-167;01 Feb 2021;109;104;2020-2021
Minnesota Timberwolves;Cleveland Cavaliers;William Hill;+145;-164;01 Feb 2021;109;104;2020-2021
Chicago Bulls;Boston Celtics;1xBet;+154;-164;26 Jan 2021;103;119;2020-2021
Chicago Bulls;Boston Celtics;bet-at-home;+134;-172;26 Jan 2021;103;119;2020-2021
Chicago Bulls;Boston Celtics;bet365;+145;-167;26 Jan 2021;103;119;2020-2021
Chicago Bulls;Boston Celtics;bwin;+140;-167;26 Jan 2021;103;119;2020-2021
Chicago Bulls;Boston Celtics;Coolbet;+148;-172;26 Jan 2021;103;119;2020-2021
Chicago Bulls;Boston Celtics;GGBET;+140;-172;26 Jan 2021;103;119;2020-2021
Chicago Bulls;Boston Celtics;Marathonbet;+152;-169;26 Jan 2021;103;119;2020-2021
Chicago Bulls;Boston Celtics;Parimatch;+140;-167;26 Jan 2021;103;119;2020-2021
Chicago Bulls;Boston Celtics;Pinnacle;+148;-164;26 Jan 2021;103;119;2020-2021
Chicago Bulls;Boston Celtics;Unibet;+145;-175;26 Jan 2021;103;119;2020-2021
Chicago Bulls;Boston Celtics;William Hill;+145;-164;26 Jan 2021;103;119;2020-2021
Cleveland Cavaliers;Los Angeles Lakers;1xBet;+600;-714;26 Jan 2021;108;115;2020-2021
Cleveland Cavaliers;Los Angeles Lakers;bet-at-home;+560;-1000;26 Jan 2021;108;115;2020-2021
Cleveland Cavaliers;Los Angeles Lakers;bet365;+575;-909;26 Jan 2021;108;115;2020-2021
Cleveland Cavaliers;Los Angeles Lakers;bwin;+525;-769;26 Jan 2021;108;115;2020-2021
Cleveland Cavaliers;Los Angeles Lakers;Coolbet;+571;-769;26 Jan 2021;108;115;2020-2021
Cleveland Cavaliers;Los Angeles Lakers;GGBET;+479;-714;26 Jan 2021;108;115;2020-2021
Cleveland Cavaliers;Los Angeles Lakers;Marathonbet;+590;-714;26 Jan 2021;108;115;2020-2021
Cleveland Cavaliers;Los Angeles Lakers;Parimatch;+620;-909;26 Jan 2021;108;115;2020-2021
Cleveland Cavaliers;Los Angeles Lakers;Pinnacle;+549;-714;26 Jan 2021;108;115;2020-2021
Cleveland Cavaliers;Los Angeles Lakers;Unibet;+575;-833;26 Jan 2021;108;115;2020-2021
Cleveland Cavaliers;Los Angeles Lakers;William Hill;+575;-833;26 Jan 2021;108;115;2020-2021
Indiana Pacers;Toronto Raptors;1xBet;-127;+119;25 Jan 2021;129;114;2020-2021
Indiana Pacers;Toronto Raptors;bet-at-home;-137;+108;25 Jan 2021;129;114;2020-2021
Indiana Pacers;Toronto Raptors;bet365;-135;+114;25 Jan 2021;129;114;2020-2021
Indiana Pacers;Toronto Raptors;bwin;-139;+114;25 Jan 2021;129;114;2020-2021
Indiana Pacers;Toronto Raptors;Coolbet;-127;+108;25 Jan 2021;129;114;2020-2021
Indiana Pacers;Toronto Raptors;GGBET;-139;+112;25 Jan 2021;129;114;2020-2021
Indiana Pacers;Toronto Raptors;Marathonbet;-130;+117;25 Jan 2021;129;114;2020-2021
Indiana Pacers;Toronto Raptors;Parimatch;-132;+112;25 Jan 2021;129;114;2020-2021
Indiana Pacers;Toronto Raptors;Pinnacle;-130;+117;25 Jan 2021;129;114;2020-2021
Indiana Pacers;Toronto Raptors;Unibet;-135;+114;25 Jan 2021;129;114;2020-2021
Indiana Pacers;Toronto Raptors;William Hill;-135;+114;25 Jan 2021;129;114;2020-2021
Brooklyn Nets;Milwaukee Bucks;bet-at-home;+139;-179;18 Jan 2021;125;123;2020-2021
Brooklyn Nets;Milwaukee Bucks;bet365;+154;-175;18 Jan 2021;125;123;2020-2021
Brooklyn Nets;Milwaukee Bucks;bwin;+145;-175;18 Jan 2021;125;123;2020-2021
Brooklyn Nets;Milwaukee Bucks;Coolbet;+140;-164;18 Jan 2021;125;123;2020-2021
Brooklyn Nets;Milwaukee Bucks;GGBET;+140;-172;18 Jan 2021;125;123;2020-2021
Brooklyn Nets;Milwaukee Bucks;Marathonbet;+154;-156;18 Jan 2021;125;123;2020-2021
Brooklyn Nets;Milwaukee Bucks;Parimatch;+145;-182;18 Jan 2021;125;123;2020-2021
Brooklyn Nets;Milwaukee Bucks;Pinnacle;+150;-167;18 Jan 2021;125;123;2020-2021
Brooklyn Nets;Milwaukee Bucks;Unibet;+154;-185;18 Jan 2021;125;123;2020-2021
Brooklyn Nets;Milwaukee Bucks;William Hill;+150;-169;18 Jan 2021;125;123;2020-2021
Memphis Grizzlies;Phoenix Suns;bet-at-home;+175;-227;18 Jan 2021;108;104;2020-2021
Memphis Grizzlies;Phoenix Suns;bet365;+179;-222;18 Jan 2021;108;104;2020-2021
Memphis Grizzlies;Phoenix Suns;bwin;+165;-200;18 Jan 2021;108;104;2020-2021
Memphis Grizzlies;Phoenix Suns;Coolbet;+189;-222;18 Jan 2021;108;104;2020-2021
Memphis Grizzlies;Phoenix Suns;GGBET;+185;-233;18 Jan 2021;108;104;2020-2021
Memphis Grizzlies;Phoenix Suns;Marathonbet;+185;-208;18 Jan 2021;108;104;2020-2021
Memphis Grizzlies;Phoenix Suns;Parimatch;+163;-208;18 Jan 2021;108;104;2020-2021
Memphis Grizzlies;Phoenix Suns;Pinnacle;+189;-213;18 Jan 2021;108;104;2020-2021
Memphis Grizzlies;Phoenix Suns;Unibet;+195;-238;18 Jan 2021;108;104;2020-2021
Memphis Grizzlies;Phoenix Suns;William Hill;+185;-213;18 Jan 2021;108;104;2020-2021
Atlanta Hawks;Minnesota Timberwolves;bet-at-home;-323;+235;18 Jan 2021;108;97 ;2020-2021
Atlanta Hawks;Minnesota Timberwolves;bet365;-303;+240;18 Jan 2021;108;97 ;2020-2021
Atlanta Hawks;Minnesota Timberwolves;bwin;-303;+240;18 Jan 2021;108;97 ;2020-2021
Atlanta Hawks;Minnesota Timberwolves;Coolbet;-323;+268;18 Jan 2021;108;97 ;2020-2021
Atlanta Hawks;Minnesota Timberwolves;GGBET;-303;+235;18 Jan 2021;108;97 ;2020-2021
Atlanta Hawks;Minnesota Timberwolves;Marathonbet;-286;+250;18 Jan 2021;108;97 ;2020-2021
Atlanta Hawks;Minnesota Timberwolves;Parimatch;-303;+225;18 Jan 2021;108;97 ;2020-2021
Atlanta Hawks;Minnesota Timberwolves;Pinnacle;-286;+250;18 Jan 2021;108;97 ;2020-2021
Atlanta Hawks;Minnesota Timberwolves;Unibet;-270;+225;18 Jan 2021;108;97 ;2020-2021
Atlanta Hawks;Minnesota Timberwolves;William Hill;-303;+250;18 Jan 2021;108;97 ;2020-2021
Los Angeles Clippers;Indiana Pacers;bet-at-home;-400;+285;18 Jan 2021;129;96 ;2020-2021
Los Angeles Clippers;Indiana Pacers;bet365;-357;+275;18 Jan 2021;129;96 ;2020-2021
Los Angeles Clippers;Indiana Pacers;bwin;-333;+260;18 Jan 2021;129;96 ;2020-2021
Los Angeles Clippers;Indiana Pacers;Coolbet;-345;+281;18 Jan 2021;129;96 ;2020-2021
Los Angeles Clippers;Indiana Pacers;GGBET;-345;+264;18 Jan 2021;129;96 ;2020-2021
Los Angeles Clippers;Indiana Pacers;Marathonbet;-303;+264;18 Jan 2021;129;96 ;2020-2021
Los Angeles Clippers;Indiana Pacers;Parimatch;-303;+225;18 Jan 2021;129;96 ;2020-2021
Los Angeles Clippers;Indiana Pacers;Pinnacle;-323;+276;18 Jan 2021;129;96 ;2020-2021
Los Angeles Clippers;Indiana Pacers;Unibet;-357;+285;18 Jan 2021;129;96 ;2020-2021
Los Angeles Clippers;Indiana Pacers;William Hill;-345;+290;18 Jan 2021;129;96 ;2020-2021
Portland Trail Blazers;Atlanta Hawks;bet-at-home;-200;+154;17 Jan 2021;112;106;2020-2021
Portland Trail Blazers;Atlanta Hawks;bet365;-192;+167;17 Jan 2021;112;106;2020-2021
Portland Trail Blazers;Atlanta Hawks;bwin;-189;+154;17 Jan 2021;112;106;2020-2021
Portland Trail Blazers;Atlanta Hawks;Coolbet;-196;+169;17 Jan 2021;112;106;2020-2021
Portland Trail Blazers;Atlanta Hawks;GGBET;-189;+152;17 Jan 2021;112;106;2020-2021
Portland Trail Blazers;Atlanta Hawks;Marathonbet;-192;+172;17 Jan 2021;112;106;2020-2021
Portland Trail Blazers;Atlanta Hawks;Parimatch;-189;+150;17 Jan 2021;112;106;2020-2021
Portland Trail Blazers;Atlanta Hawks;Pinnacle;-185;+164;17 Jan 2021;112;106;2020-2021
Portland Trail Blazers;Atlanta Hawks;Unibet;-192;+160;17 Jan 2021;112;106;2020-2021
Portland Trail Blazers;Atlanta Hawks;William Hill;-189;+170;17 Jan 2021;112;106;2020-2021
Milwaukee Bucks;Dallas Mavericks;bet-at-home;-333;+245;15 Jan 2021;112;109;2020-2021
Milwaukee Bucks;Dallas Mavericks;bet365;-323;+260;15 Jan 2021;112;109;2020-2021
Milwaukee Bucks;Dallas Mavericks;bwin;-303;+240;15 Jan 2021;112;109;2020-2021
Milwaukee Bucks;Dallas Mavericks;Coolbet;-278;+229;15 Jan 2021;112;109;2020-2021
Milwaukee Bucks;Dallas Mavericks;GGBET;-333;+256;15 Jan 2021;112;109;2020-2021
Milwaukee Bucks;Dallas Mavericks;Marathonbet;-294;+292;15 Jan 2021;112;109;2020-2021
Milwaukee Bucks;Dallas Mavericks;Parimatch;-323;+260;15 Jan 2021;112;109;2020-2021
Milwaukee Bucks;Dallas Mavericks;Pinnacle;-294;+250;15 Jan 2021;112;109;2020-2021
Milwaukee Bucks;Dallas Mavericks;Unibet;-333;+270;15 Jan 2021;112;109;2020-2021
Milwaukee Bucks;Dallas Mavericks;William Hill;-312;+254;15 Jan 2021;112;109;2020-2021
Philadelphia 76ers;Toronto Raptors;bet-at-home;-122;-104;29 Dec 2020;100;93 ;2020-2021
Philadelphia 76ers;Toronto Raptors;bet365;-120;+100;29 Dec 2020;100;93 ;2020-2021
Philadelphia 76ers;Toronto Raptors;bwin;-125;+104;29 Dec 2020;100;93 ;2020-2021
Philadelphia 76ers;Toronto Raptors;Coolbet;-119;+102;29 Dec 2020;100;93 ;2020-2021
Philadelphia 76ers;Toronto Raptors;GGBET;-122;+100;29 Dec 2020;100;93 ;2020-2021
Philadelphia 76ers;Toronto Raptors;Marathonbet;-116;+104;29 Dec 2020;100;93 ;2020-2021
Philadelphia 76ers;Toronto Raptors;Parimatch;-118;+100;29 Dec 2020;100;93 ;2020-2021
Philadelphia 76ers;Toronto Raptors;Pinnacle;-112;+102;29 Dec 2020;100;93 ;2020-2021
Philadelphia 76ers;Toronto Raptors;Unibet;-120;+102;29 Dec 2020;100;93 ;2020-2021
Philadelphia 76ers;Toronto Raptors;William Hill;-120;+100;29 Dec 2020;100;93 ;2020-2021
Oklahoma City Thunder;Utah Jazz;bet-at-home;+285;-435;29 Dec 2020;109;110;2020-2021
Oklahoma City Thunder;Utah Jazz;bet365;+325;-435;29 Dec 2020;109;110;2020-2021
Oklahoma City Thunder;Utah Jazz;bwin;+290;-385;29 Dec 2020;109;110;2020-2021
Oklahoma City Thunder;Utah Jazz;Coolbet;+304;-370;29 Dec 2020;109;110;2020-2021
Oklahoma City Thunder;Utah Jazz;GGBET;+300;-400;29 Dec 2020;109;110;2020-2021
Oklahoma City Thunder;Utah Jazz;Marathonbet;+345;-400;29 Dec 2020;109;110;2020-2021
Oklahoma City Thunder;Utah Jazz;Parimatch;+340;-435;29 Dec 2020;109;110;2020-2021
Oklahoma City Thunder;Utah Jazz;Pinnacle;+334;-400;29 Dec 2020;109;110;2020-2021
Oklahoma City Thunder;Utah Jazz;Unibet;+320;-417;29 Dec 2020;109;110;2020-2021
Oklahoma City Thunder;Utah Jazz;William Hill;+350;-435;29 Dec 2020;109;110;2020-2021
Brooklyn Nets;Memphis Grizzlies;bet-at-home;+108;-139;28 Dec 2020;111;116;2020-2021
Brooklyn Nets;Memphis Grizzlies;bet365;+110;-132;28 Dec 2020;111;116;2020-2021
Brooklyn Nets;Memphis Grizzlies;bwin;+114;-139;28 Dec 2020;111;116;2020-2021
Brooklyn Nets;Memphis Grizzlies;Coolbet;+110;-128;28 Dec 2020;111;116;2020-2021
Brooklyn Nets;Memphis Grizzlies;GGBET;+112;-137;28 Dec 2020;111;116;2020-2021
Brooklyn Nets;Memphis Grizzlies;Marathonbet;+122;-135;28 Dec 2020;111;116;2020-2021
Brooklyn Nets;Memphis Grizzlies;Parimatch;+112;-133;28 Dec 2020;111;116;2020-2021
Brooklyn Nets;Memphis Grizzlies;Pinnacle;+112;-123;28 Dec 2020;111;116;2020-2021
Brooklyn Nets;Memphis Grizzlies;Unibet;+114;-135;28 Dec 2020;111;116;2020-2021
Brooklyn Nets;Memphis Grizzlies;William Hill;+114;-135;28 Dec 2020;111;116;2020-2021
Indiana Pacers;Boston Celtics;bet-at-home;+119;-152;28 Dec 2020;108;107;2020-2021
Indiana Pacers;Boston Celtics;bet365;+129;-152;28 Dec 2020;108;107;2020-2021
Indiana Pacers;Boston Celtics;bwin;+110;-133;28 Dec 2020;108;107;2020-2021
Indiana Pacers;Boston Celtics;Coolbet;+127;-147;28 Dec 2020;108;107;2020-2021
Indiana Pacers;Boston Celtics;GGBET;+106;-130;28 Dec 2020;108;107;2020-2021
Indiana Pacers;Boston Celtics;Marathonbet;+131;-147;28 Dec 2020;108;107;2020-2021
Indiana Pacers;Boston Celtics;Parimatch;+124;-145;28 Dec 2020;108;107;2020-2021
Indiana Pacers;Boston Celtics;Pinnacle;+129;-145;28 Dec 2020;108;107;2020-2021
Indiana Pacers;Boston Celtics;Unibet;+123;-143;28 Dec 2020;108;107;2020-2021
Indiana Pacers;Boston Celtics;William Hill;+125;-145;28 Dec 2020;108;107;2020-2021
Detroit Pistons;Cleveland Cavaliers;bet-at-home;-115;-111;26 Dec 2020;119;128;2020-2021
Detroit Pistons;Cleveland Cavaliers;bet365;-116;-105;26 Dec 2020;119;128;2020-2021
Detroit Pistons;Cleveland Cavaliers;bwin;-125;+104;26 Dec 2020;119;128;2020-2021
Detroit Pistons;Cleveland Cavaliers;Coolbet;-114;-102;26 Dec 2020;119;128;2020-2021
Detroit Pistons;Cleveland Cavaliers;GGBET;-123;+100;26 Dec 2020;119;128;2020-2021
Detroit Pistons;Cleveland Cavaliers;Marathonbet;-108;-103;26 Dec 2020;119;128;2020-2021
Detroit Pistons;Cleveland Cavaliers;Parimatch;-115;-102;26 Dec 2020;119;128;2020-2021
Detroit Pistons;Cleveland Cavaliers;Pinnacle;-106;-104;26 Dec 2020;119;128;2020-2021
Detroit Pistons;Cleveland Cavaliers;Unibet;-118;-102;26 Dec 2020;119;128;2020-2021
Detroit Pistons;Cleveland Cavaliers;William Hill;-110;-110;26 Dec 2020;119;128;2020-2021
Washington Wizards;Detroit Pistons;bet-at-home;-208;+154;19 Dec 2020; 99;96 ;2020-2021
Washington Wizards;Detroit Pistons;bet365;-200;+170;19 Dec 2020; 99;96 ;2020-2021
Washington Wizards;Detroit Pistons;bwin;-175;+145;19 Dec 2020; 99;96 ;2020-2021
Washington Wizards;Detroit Pistons;Coolbet;-200;+160;19 Dec 2020; 99;96 ;2020-2021
Washington Wizards;Detroit Pistons;GGBET;-192;+152;19 Dec 2020; 99;96 ;2020-2021
Washington Wizards;Detroit Pistons;Marathonbet;-208;+165;19 Dec 2020; 99;96 ;2020-2021
Washington Wizards;Detroit Pistons;Parimatch;-196;+165;19 Dec 2020; 99;96 ;2020-2021
Washington Wizards;Detroit Pistons;Pinnacle;-192;+159;19 Dec 2020; 99;96 ;2020-2021
Washington Wizards;Detroit Pistons;William Hill;-185;+165;19 Dec 2020; 99;96 ;2020-2021
Denver Nuggets;Portland Trail Blazers;bet-at-home;-233;+170;19 Dec 2020;129;96 ;2020-2021
Denver Nuggets;Portland Trail Blazers;bet365;-213;+175;19 Dec 2020;129;96 ;2020-2021
Denver Nuggets;Portland Trail Blazers;bwin;-222;+179;19 Dec 2020;129;96 ;2020-2021
Denver Nuggets;Portland Trail Blazers;Coolbet;-213;+169;19 Dec 2020;129;96 ;2020-2021
Denver Nuggets;Portland Trail Blazers;GGBET;-204;+161;19 Dec 2020;129;96 ;2020-2021
Denver Nuggets;Portland Trail Blazers;Marathonbet;-233;+183;19 Dec 2020;129;96 ;2020-2021
Denver Nuggets;Portland Trail Blazers;Parimatch;-217;+179;19 Dec 2020;129;96 ;2020-2021
Denver Nuggets;Portland Trail Blazers;Pinnacle;-213;+177;19 Dec 2020;129;96 ;2020-2021
Denver Nuggets;Portland Trail Blazers;Unibet;-227;+188;19 Dec 2020;129;96 ;2020-2021
Denver Nuggets;Portland Trail Blazers;William Hill;-200;+175;19 Dec 2020;129;96 ;2020-2021
New Orleans Pelicans;Milwaukee Bucks;bet-at-home;-116;-114;19 Dec 2020;127;113;2020-2021
New Orleans Pelicans;Milwaukee Bucks;bet365;-116;-105;19 Dec 2020;127;113;2020-2021
New Orleans Pelicans;Milwaukee Bucks;bwin;-110;-110;19 Dec 2020;127;113;2020-2021
New Orleans Pelicans;Milwaukee Bucks;Coolbet;-118;-103;19 Dec 2020;127;113;2020-2021
New Orleans Pelicans;Milwaukee Bucks;GGBET;-101;-123;19 Dec 2020;127;113;2020-2021
New Orleans Pelicans;Milwaukee Bucks;Marathonbet;-111;-111;19 Dec 2020;127;113;2020-2021
New Orleans Pelicans;Milwaukee Bucks;Parimatch;-110;-106;19 Dec 2020;127;113;2020-2021
New Orleans Pelicans;Milwaukee Bucks;Pinnacle;-116;-101;19 Dec 2020;127;113;2020-2021
New Orleans Pelicans;Milwaukee Bucks;Unibet;-106;-111;19 Dec 2020;127;113;2020-2021
New Orleans Pelicans;Milwaukee Bucks;William Hill;-110;-110;19 Dec 2020;127;113;2020-2021
New York Knicks;Cleveland Cavaliers;bet-at-home;-145;+108;18 Dec 2020;119;83 ;2020-2021
New York Knicks;Cleveland Cavaliers;bet365;-135;+114;18 Dec 2020;119;83 ;2020-2021
New York Knicks;Cleveland Cavaliers;bwin;-125;+104;18 Dec 2020;119;83 ;2020-2021
New York Knicks;Cleveland Cavaliers;Coolbet;-135;+110;18 Dec 2020;119;83 ;2020-2021
New York Knicks;Cleveland Cavaliers;GGBET;-139;+110;18 Dec 2020;119;83 ;2020-2021
New York Knicks;Cleveland Cavaliers;Marathonbet;-143;+114;18 Dec 2020;119;83 ;2020-2021
New York Knicks;Cleveland Cavaliers;Parimatch;-132;+112;18 Dec 2020;119;83 ;2020-2021
New York Knicks;Cleveland Cavaliers;Pinnacle;-127;+108;18 Dec 2020;119;83 ;2020-2021
New York Knicks;Cleveland Cavaliers;Unibet;-130;+110;18 Dec 2020;119;83 ;2020-2021
New York Knicks;Cleveland Cavaliers;William Hill;-135;+114;18 Dec 2020;119;83 ;2020-2021
