index;TeamsRaw;Bookmaker;OddHome;OddAway;DateRaw;ScoreRaw;TO_KEEP;Home_id;Away_id;Date;Score_home;Score_away;Season
0;Chicago Bulls - Boston Celtics;1xBet;+106;-114;Sunday, 23 Apr 2017, 22:30;Final result 95:104 (18:30, 28:27, 24:22, 25:25);1;Chicago Bulls;Boston Celtics;23 Apr 2017; 95;104;2016-2017
1;Chicago Bulls - Boston Celtics;bet-at-home;-102;-125;Sunday, 23 Apr 2017, 22:30;Final result 95:104 (18:30, 28:27, 24:22, 25:25);1;Chicago Bulls;Boston Celtics;23 Apr 2017; 95;104;2016-2017
2;Chicago Bulls - Boston Celtics;bet365;+100;-120;Sunday, 23 Apr 2017, 22:30;Final result 95:104 (18:30, 28:27, 24:22, 25:25);1;Chicago Bulls;Boston Celtics;23 Apr 2017; 95;104;2016-2017
3;Chicago Bulls - Boston Celtics;bwin;+110;-133;Sunday, 23 Apr 2017, 22:30;Final result 95:104 (18:30, 28:27, 24:22, 25:25);1;Chicago Bulls;Boston Celtics;23 Apr 2017; 95;104;2016-2017
4;Chicago Bulls - Boston Celtics;Coolbet;+104;-118;Sunday, 23 Apr 2017, 22:30;Final result 95:104 (18:30, 28:27, 24:22, 25:25);1;Chicago Bulls;Boston Celtics;23 Apr 2017; 95;104;2016-2017
5;Chicago Bulls - Boston Celtics;Marathonbet;+106;-116;Sunday, 23 Apr 2017, 22:30;Final result 95:104 (18:30, 28:27, 24:22, 25:25);1;Chicago Bulls;Boston Celtics;23 Apr 2017; 95;104;2016-2017
6;Chicago Bulls - Boston Celtics;Pinnacle;+102;-114;Sunday, 23 Apr 2017, 22:30;Final result 95:104 (18:30, 28:27, 24:22, 25:25);1;Chicago Bulls;Boston Celtics;23 Apr 2017; 95;104;2016-2017
7;Chicago Bulls - Boston Celtics;Unibet;+100;-118;Sunday, 23 Apr 2017, 22:30;Final result 95:104 (18:30, 28:27, 24:22, 25:25);1;Chicago Bulls;Boston Celtics;23 Apr 2017; 95;104;2016-2017
8;Chicago Bulls - Boston Celtics;William Hill;+104;-125;Sunday, 23 Apr 2017, 22:30;Final result 95:104 (18:30, 28:27, 24:22, 25:25);1;Chicago Bulls;Boston Celtics;23 Apr 2017; 95;104;2016-2017
29;New York Knicks - Chicago Bulls;1xBet;+169;-182;Wednesday, 05 Apr 2017, 00:00;Final result 100:91 (29:24, 25:16, 26:24, 20:27);1;New York Knicks;Chicago Bulls;05 Apr 2017;100;91 ;2016-2017
30;New York Knicks - Chicago Bulls;bet-at-home;+156;-204;Wednesday, 05 Apr 2017, 00:00;Final result 100:91 (29:24, 25:16, 26:24, 20:27);1;New York Knicks;Chicago Bulls;05 Apr 2017;100;91 ;2016-2017
31;New York Knicks - Chicago Bulls;bet365;+175;-213;Wednesday, 05 Apr 2017, 00:00;Final result 100:91 (29:24, 25:16, 26:24, 20:27);1;New York Knicks;Chicago Bulls;05 Apr 2017;100;91 ;2016-2017
32;New York Knicks - Chicago Bulls;bwin;+154;-189;Wednesday, 05 Apr 2017, 00:00;Final result 100:91 (29:24, 25:16, 26:24, 20:27);1;New York Knicks;Chicago Bulls;05 Apr 2017;100;91 ;2016-2017
33;New York Knicks - Chicago Bulls;Coolbet;+165;-196;Wednesday, 05 Apr 2017, 00:00;Final result 100:91 (29:24, 25:16, 26:24, 20:27);1;New York Knicks;Chicago Bulls;05 Apr 2017;100;91 ;2016-2017
34;New York Knicks - Chicago Bulls;Marathonbet;+173;-189;Wednesday, 05 Apr 2017, 00:00;Final result 100:91 (29:24, 25:16, 26:24, 20:27);1;New York Knicks;Chicago Bulls;05 Apr 2017;100;91 ;2016-2017
35;New York Knicks - Chicago Bulls;Pinnacle;+173;-192;Wednesday, 05 Apr 2017, 00:00;Final result 100:91 (29:24, 25:16, 26:24, 20:27);1;New York Knicks;Chicago Bulls;05 Apr 2017;100;91 ;2016-2017
36;New York Knicks - Chicago Bulls;Unibet;+150;-179;Wednesday, 05 Apr 2017, 00:00;Final result 100:91 (29:24, 25:16, 26:24, 20:27);1;New York Knicks;Chicago Bulls;05 Apr 2017;100;91 ;2016-2017
37;New York Knicks - Chicago Bulls;William Hill;+170;-200;Wednesday, 05 Apr 2017, 00:00;Final result 100:91 (29:24, 25:16, 26:24, 20:27);1;New York Knicks;Chicago Bulls;05 Apr 2017;100;91 ;2016-2017
58;Miami Heat - New York Knicks;1xBet;-556;+484;Saturday, 01 Apr 2017, 00:00;Final result 94:98 (29:33, 26:26, 20:18, 19:21);1;Miami Heat;New York Knicks;01 Apr 2017; 94;98 ;2016-2017
59;Miami Heat - New York Knicks;bet365;-714;+500;Saturday, 01 Apr 2017, 00:00;Final result 94:98 (29:33, 26:26, 20:18, 19:21);1;Miami Heat;New York Knicks;01 Apr 2017; 94;98 ;2016-2017
60;Miami Heat - New York Knicks;bwin;-769;+525;Saturday, 01 Apr 2017, 00:00;Final result 94:98 (29:33, 26:26, 20:18, 19:21);1;Miami Heat;New York Knicks;01 Apr 2017; 94;98 ;2016-2017
61;Miami Heat - New York Knicks;Marathonbet;-588;+500;Saturday, 01 Apr 2017, 00:00;Final result 94:98 (29:33, 26:26, 20:18, 19:21);1;Miami Heat;New York Knicks;01 Apr 2017; 94;98 ;2016-2017
62;Miami Heat - New York Knicks;Pinnacle;-588;+498;Saturday, 01 Apr 2017, 00:00;Final result 94:98 (29:33, 26:26, 20:18, 19:21);1;Miami Heat;New York Knicks;01 Apr 2017; 94;98 ;2016-2017
63;Miami Heat - New York Knicks;Unibet;-625;+459;Saturday, 01 Apr 2017, 00:00;Final result 94:98 (29:33, 26:26, 20:18, 19:21);1;Miami Heat;New York Knicks;01 Apr 2017; 94;98 ;2016-2017
64;Miami Heat - New York Knicks;William Hill;-714;+500;Saturday, 01 Apr 2017, 00:00;Final result 94:98 (29:33, 26:26, 20:18, 19:21);1;Miami Heat;New York Knicks;01 Apr 2017; 94;98 ;2016-2017
87;New Orleans Pelicans - Sacramento Kings;1xBet;-714;+600;Saturday, 01 Apr 2017, 00:00;Final result 117:89 (32:19, 26:19, 26:26, 33:25);1;New Orleans Pelicans;Sacramento Kings;01 Apr 2017;117;89 ;2016-2017
88;New Orleans Pelicans - Sacramento Kings;bet-at-home;-1000;+545;Saturday, 01 Apr 2017, 00:00;Final result 117:89 (32:19, 26:19, 26:26, 33:25);1;New Orleans Pelicans;Sacramento Kings;01 Apr 2017;117;89 ;2016-2017
89;New Orleans Pelicans - Sacramento Kings;bet365;-833;+550;Saturday, 01 Apr 2017, 00:00;Final result 117:89 (32:19, 26:19, 26:26, 33:25);1;New Orleans Pelicans;Sacramento Kings;01 Apr 2017;117;89 ;2016-2017
90;New Orleans Pelicans - Sacramento Kings;bwin;-909;+575;Saturday, 01 Apr 2017, 00:00;Final result 117:89 (32:19, 26:19, 26:26, 33:25);1;New Orleans Pelicans;Sacramento Kings;01 Apr 2017;117;89 ;2016-2017
91;New Orleans Pelicans - Sacramento Kings;Marathonbet;-667;+550;Saturday, 01 Apr 2017, 00:00;Final result 117:89 (32:19, 26:19, 26:26, 33:25);1;New Orleans Pelicans;Sacramento Kings;01 Apr 2017;117;89 ;2016-2017
92;New Orleans Pelicans - Sacramento Kings;Pinnacle;-667;+552;Saturday, 01 Apr 2017, 00:00;Final result 117:89 (32:19, 26:19, 26:26, 33:25);1;New Orleans Pelicans;Sacramento Kings;01 Apr 2017;117;89 ;2016-2017
93;New Orleans Pelicans - Sacramento Kings;Unibet;-833;+600;Saturday, 01 Apr 2017, 00:00;Final result 117:89 (32:19, 26:19, 26:26, 33:25);1;New Orleans Pelicans;Sacramento Kings;01 Apr 2017;117;89 ;2016-2017
94;New Orleans Pelicans - Sacramento Kings;William Hill;-909;+600;Saturday, 01 Apr 2017, 00:00;Final result 117:89 (32:19, 26:19, 26:26, 33:25);1;New Orleans Pelicans;Sacramento Kings;01 Apr 2017;117;89 ;2016-2017
116;Boston Celtics - Orlando Magic;1xBet;-588;+484;Friday, 31 Mar 2017, 23:30;Final result 117:116 (31:29, 26:35, 35:26, 25:26);1;Boston Celtics;Orlando Magic;31 Mar 2017;117;116;2016-2017
117;Boston Celtics - Orlando Magic;bet-at-home;-667;+425;Friday, 31 Mar 2017, 23:30;Final result 117:116 (31:29, 26:35, 35:26, 25:26);1;Boston Celtics;Orlando Magic;31 Mar 2017;117;116;2016-2017
118;Boston Celtics - Orlando Magic;bet365;-667;+475;Friday, 31 Mar 2017, 23:30;Final result 117:116 (31:29, 26:35, 35:26, 25:26);1;Boston Celtics;Orlando Magic;31 Mar 2017;117;116;2016-2017
119;Boston Celtics - Orlando Magic;bwin;-714;+500;Friday, 31 Mar 2017, 23:30;Final result 117:116 (31:29, 26:35, 35:26, 25:26);1;Boston Celtics;Orlando Magic;31 Mar 2017;117;116;2016-2017
120;Boston Celtics - Orlando Magic;Marathonbet;-588;+500;Friday, 31 Mar 2017, 23:30;Final result 117:116 (31:29, 26:35, 35:26, 25:26);1;Boston Celtics;Orlando Magic;31 Mar 2017;117;116;2016-2017
121;Boston Celtics - Orlando Magic;Pinnacle;-588;+500;Friday, 31 Mar 2017, 23:30;Final result 117:116 (31:29, 26:35, 35:26, 25:26);1;Boston Celtics;Orlando Magic;31 Mar 2017;117;116;2016-2017
122;Boston Celtics - Orlando Magic;Unibet;-556;+430;Friday, 31 Mar 2017, 23:30;Final result 117:116 (31:29, 26:35, 35:26, 25:26);1;Boston Celtics;Orlando Magic;31 Mar 2017;117;116;2016-2017
123;Boston Celtics - Orlando Magic;William Hill;-667;+450;Friday, 31 Mar 2017, 23:30;Final result 117:116 (31:29, 26:35, 35:26, 25:26);1;Boston Celtics;Orlando Magic;31 Mar 2017;117;116;2016-2017
145;Charlotte Hornets - Denver Nuggets;1xBet;-123;+116;Friday, 31 Mar 2017, 23:00;Final result 122:114 (24:32, 32:24, 30:38, 36:20);1;Charlotte Hornets;Denver Nuggets;31 Mar 2017;122;114;2016-2017
146;Charlotte Hornets - Denver Nuggets;bet-at-home;-143;+112;Friday, 31 Mar 2017, 23:00;Final result 122:114 (24:32, 32:24, 30:38, 36:20);1;Charlotte Hornets;Denver Nuggets;31 Mar 2017;122;114;2016-2017
147;Charlotte Hornets - Denver Nuggets;bet365;-141;+120;Friday, 31 Mar 2017, 23:00;Final result 122:114 (24:32, 32:24, 30:38, 36:20);1;Charlotte Hornets;Denver Nuggets;31 Mar 2017;122;114;2016-2017
148;Charlotte Hornets - Denver Nuggets;bwin;-143;+120;Friday, 31 Mar 2017, 23:00;Final result 122:114 (24:32, 32:24, 30:38, 36:20);1;Charlotte Hornets;Denver Nuggets;31 Mar 2017;122;114;2016-2017
149;Charlotte Hornets - Denver Nuggets;Marathonbet;-133;+123;Friday, 31 Mar 2017, 23:00;Final result 122:114 (24:32, 32:24, 30:38, 36:20);1;Charlotte Hornets;Denver Nuggets;31 Mar 2017;122;114;2016-2017
150;Charlotte Hornets - Denver Nuggets;Pinnacle;-135;+123;Friday, 31 Mar 2017, 23:00;Final result 122:114 (24:32, 32:24, 30:38, 36:20);1;Charlotte Hornets;Denver Nuggets;31 Mar 2017;122;114;2016-2017
151;Charlotte Hornets - Denver Nuggets;Unibet;-141;+118;Friday, 31 Mar 2017, 23:00;Final result 122:114 (24:32, 32:24, 30:38, 36:20);1;Charlotte Hornets;Denver Nuggets;31 Mar 2017;122;114;2016-2017
152;Charlotte Hornets - Denver Nuggets;William Hill;-141;+120;Friday, 31 Mar 2017, 23:00;Final result 122:114 (24:32, 32:24, 30:38, 36:20);1;Charlotte Hornets;Denver Nuggets;31 Mar 2017;122;114;2016-2017
174;Portland Trail Blazers - Houston Rockets;1xBet;-105;-102;Friday, 31 Mar 2017, 02:30;Final result 117:107 (32:31, 33:25, 31:29, 21:22);1;Portland Trail Blazers;Houston Rockets;31 Mar 2017;117;107;2016-2017
175;Portland Trail Blazers - Houston Rockets;bet-at-home;-120;-105;Friday, 31 Mar 2017, 02:30;Final result 117:107 (32:31, 33:25, 31:29, 21:22);1;Portland Trail Blazers;Houston Rockets;31 Mar 2017;117;107;2016-2017
176;Portland Trail Blazers - Houston Rockets;bet365;-116;-105;Friday, 31 Mar 2017, 02:30;Final result 117:107 (32:31, 33:25, 31:29, 21:22);1;Portland Trail Blazers;Houston Rockets;31 Mar 2017;117;107;2016-2017
177;Portland Trail Blazers - Houston Rockets;bwin;-115;-105;Friday, 31 Mar 2017, 02:30;Final result 117:107 (32:31, 33:25, 31:29, 21:22);1;Portland Trail Blazers;Houston Rockets;31 Mar 2017;117;107;2016-2017
178;Portland Trail Blazers - Houston Rockets;Marathonbet;-108;-101;Friday, 31 Mar 2017, 02:30;Final result 117:107 (32:31, 33:25, 31:29, 21:22);1;Portland Trail Blazers;Houston Rockets;31 Mar 2017;117;107;2016-2017
179;Portland Trail Blazers - Houston Rockets;Pinnacle;-108;-102;Friday, 31 Mar 2017, 02:30;Final result 117:107 (32:31, 33:25, 31:29, 21:22);1;Portland Trail Blazers;Houston Rockets;31 Mar 2017;117;107;2016-2017
180;Portland Trail Blazers - Houston Rockets;Unibet;-110;-106;Friday, 31 Mar 2017, 02:30;Final result 117:107 (32:31, 33:25, 31:29, 21:22);1;Portland Trail Blazers;Houston Rockets;31 Mar 2017;117;107;2016-2017
181;Portland Trail Blazers - Houston Rockets;William Hill;-120;+100;Friday, 31 Mar 2017, 02:30;Final result 117:107 (32:31, 33:25, 31:29, 21:22);1;Portland Trail Blazers;Houston Rockets;31 Mar 2017;117;107;2016-2017
203;Los Angeles Lakers - Washington Wizards;1xBet;+390;-435;Wednesday, 29 Mar 2017, 02:30;Final result 108:119 (27:27, 31:28, 37:27, 13:37);1;Los Angeles Lakers;Washington Wizards;29 Mar 2017;108;119;2016-2017
204;Los Angeles Lakers - Washington Wizards;bet-at-home;+354;-526;Wednesday, 29 Mar 2017, 02:30;Final result 108:119 (27:27, 31:28, 37:27, 13:37);1;Los Angeles Lakers;Washington Wizards;29 Mar 2017;108;119;2016-2017
205;Los Angeles Lakers - Washington Wizards;bet365;+375;-500;Wednesday, 29 Mar 2017, 02:30;Final result 108:119 (27:27, 31:28, 37:27, 13:37);1;Los Angeles Lakers;Washington Wizards;29 Mar 2017;108;119;2016-2017
206;Los Angeles Lakers - Washington Wizards;bwin;+270;-385;Wednesday, 29 Mar 2017, 02:30;Final result 108:119 (27:27, 31:28, 37:27, 13:37);1;Los Angeles Lakers;Washington Wizards;29 Mar 2017;108;119;2016-2017
207;Los Angeles Lakers - Washington Wizards;Marathonbet;+400;-455;Wednesday, 29 Mar 2017, 02:30;Final result 108:119 (27:27, 31:28, 37:27, 13:37);1;Los Angeles Lakers;Washington Wizards;29 Mar 2017;108;119;2016-2017
208;Los Angeles Lakers - Washington Wizards;Pinnacle;+404;-476;Wednesday, 29 Mar 2017, 02:30;Final result 108:119 (27:27, 31:28, 37:27, 13:37);1;Los Angeles Lakers;Washington Wizards;29 Mar 2017;108;119;2016-2017
209;Los Angeles Lakers - Washington Wizards;Unibet;+375;-476;Wednesday, 29 Mar 2017, 02:30;Final result 108:119 (27:27, 31:28, 37:27, 13:37);1;Los Angeles Lakers;Washington Wizards;29 Mar 2017;108;119;2016-2017
210;Los Angeles Lakers - Washington Wizards;William Hill;+375;-556;Wednesday, 29 Mar 2017, 02:30;Final result 108:119 (27:27, 31:28, 37:27, 13:37);1;Los Angeles Lakers;Washington Wizards;29 Mar 2017;108;119;2016-2017
232;Boston Celtics - Indiana Pacers;1xBet;-263;+240;Wednesday, 22 Mar 2017, 23:30;Final result 109:100 (21:19, 28:23, 39:32, 21:26);1;Boston Celtics;Indiana Pacers;22 Mar 2017;109;100;2016-2017
233;Boston Celtics - Indiana Pacers;bet-at-home;-294;+222;Wednesday, 22 Mar 2017, 23:30;Final result 109:100 (21:19, 28:23, 39:32, 21:26);1;Boston Celtics;Indiana Pacers;22 Mar 2017;109;100;2016-2017
234;Boston Celtics - Indiana Pacers;bet365;-286;+229;Wednesday, 22 Mar 2017, 23:30;Final result 109:100 (21:19, 28:23, 39:32, 21:26);1;Boston Celtics;Indiana Pacers;22 Mar 2017;109;100;2016-2017
235;Boston Celtics - Indiana Pacers;bwin;-286;+229;Wednesday, 22 Mar 2017, 23:30;Final result 109:100 (21:19, 28:23, 39:32, 21:26);1;Boston Celtics;Indiana Pacers;22 Mar 2017;109;100;2016-2017
236;Boston Celtics - Indiana Pacers;Marathonbet;-238;+216;Wednesday, 22 Mar 2017, 23:30;Final result 109:100 (21:19, 28:23, 39:32, 21:26);1;Boston Celtics;Indiana Pacers;22 Mar 2017;109;100;2016-2017
237;Boston Celtics - Indiana Pacers;Pinnacle;-270;+239;Wednesday, 22 Mar 2017, 23:30;Final result 109:100 (21:19, 28:23, 39:32, 21:26);1;Boston Celtics;Indiana Pacers;22 Mar 2017;109;100;2016-2017
238;Boston Celtics - Indiana Pacers;Unibet;-278;+229;Wednesday, 22 Mar 2017, 23:30;Final result 109:100 (21:19, 28:23, 39:32, 21:26);1;Boston Celtics;Indiana Pacers;22 Mar 2017;109;100;2016-2017
239;Boston Celtics - Indiana Pacers;William Hill;-278;+240;Wednesday, 22 Mar 2017, 23:30;Final result 109:100 (21:19, 28:23, 39:32, 21:26);1;Boston Celtics;Indiana Pacers;22 Mar 2017;109;100;2016-2017
290;Washington Wizards - Toronto Raptors;1xBet;-200;+181;Friday, 03 Mar 2017, 23:00;Final result 106:114 (27:35, 26:27, 25:17, 28:35);1;Washington Wizards;Toronto Raptors;03 Mar 2017;106;114;2016-2017
291;Washington Wizards - Toronto Raptors;bet-at-home;-213;+165;Friday, 03 Mar 2017, 23:00;Final result 106:114 (27:35, 26:27, 25:17, 28:35);1;Washington Wizards;Toronto Raptors;03 Mar 2017;106;114;2016-2017
292;Washington Wizards - Toronto Raptors;bet365;-222;+179;Friday, 03 Mar 2017, 23:00;Final result 106:114 (27:35, 26:27, 25:17, 28:35);1;Washington Wizards;Toronto Raptors;03 Mar 2017;106;114;2016-2017
293;Washington Wizards - Toronto Raptors;bwin;-208;+170;Friday, 03 Mar 2017, 23:00;Final result 106:114 (27:35, 26:27, 25:17, 28:35);1;Washington Wizards;Toronto Raptors;03 Mar 2017;106;114;2016-2017
294;Washington Wizards - Toronto Raptors;Marathonbet;-200;+183;Friday, 03 Mar 2017, 23:00;Final result 106:114 (27:35, 26:27, 25:17, 28:35);1;Washington Wizards;Toronto Raptors;03 Mar 2017;106;114;2016-2017
295;Washington Wizards - Toronto Raptors;Pinnacle;-213;+189;Friday, 03 Mar 2017, 23:00;Final result 106:114 (27:35, 26:27, 25:17, 28:35);1;Washington Wizards;Toronto Raptors;03 Mar 2017;106;114;2016-2017
296;Washington Wizards - Toronto Raptors;Unibet;-208;+170;Friday, 03 Mar 2017, 23:00;Final result 106:114 (27:35, 26:27, 25:17, 28:35);1;Washington Wizards;Toronto Raptors;03 Mar 2017;106;114;2016-2017
297;Washington Wizards - Toronto Raptors;William Hill;-222;+179;Friday, 03 Mar 2017, 23:00;Final result 106:114 (27:35, 26:27, 25:17, 28:35);1;Washington Wizards;Toronto Raptors;03 Mar 2017;106;114;2016-2017
319;Atlanta Hawks - Miami Heat;1xBet;-132;+123;Saturday, 25 Feb 2017, 00:00;Final result 90:108 (24:25, 25:38, 17:24, 24:21);1;Atlanta Hawks;Miami Heat;25 Feb 2017; 90;108;2016-2017
320;Atlanta Hawks - Miami Heat;bet-at-home;-147;+114;Saturday, 25 Feb 2017, 00:00;Final result 90:108 (24:25, 25:38, 17:24, 24:21);1;Atlanta Hawks;Miami Heat;25 Feb 2017; 90;108;2016-2017
321;Atlanta Hawks - Miami Heat;bet365;-141;+120;Saturday, 25 Feb 2017, 00:00;Final result 90:108 (24:25, 25:38, 17:24, 24:21);1;Atlanta Hawks;Miami Heat;25 Feb 2017; 90;108;2016-2017
322;Atlanta Hawks - Miami Heat;bwin;-149;+125;Saturday, 25 Feb 2017, 00:00;Final result 90:108 (24:25, 25:38, 17:24, 24:21);1;Atlanta Hawks;Miami Heat;25 Feb 2017; 90;108;2016-2017
323;Atlanta Hawks - Miami Heat;Marathonbet;-135;+124;Saturday, 25 Feb 2017, 00:00;Final result 90:108 (24:25, 25:38, 17:24, 24:21);1;Atlanta Hawks;Miami Heat;25 Feb 2017; 90;108;2016-2017
324;Atlanta Hawks - Miami Heat;Pinnacle;-141;+127;Saturday, 25 Feb 2017, 00:00;Final result 90:108 (24:25, 25:38, 17:24, 24:21);1;Atlanta Hawks;Miami Heat;25 Feb 2017; 90;108;2016-2017
325;Atlanta Hawks - Miami Heat;Unibet;-145;+123;Saturday, 25 Feb 2017, 00:00;Final result 90:108 (24:25, 25:38, 17:24, 24:21);1;Atlanta Hawks;Miami Heat;25 Feb 2017; 90;108;2016-2017
326;Atlanta Hawks - Miami Heat;William Hill;-145;+125;Saturday, 25 Feb 2017, 00:00;Final result 90:108 (24:25, 25:38, 17:24, 24:21);1;Atlanta Hawks;Miami Heat;25 Feb 2017; 90;108;2016-2017
348;Cleveland Cavaliers - Denver Nuggets;1xBet;-714;+600;Saturday, 11 Feb 2017, 23:30;Final result 125:109 (28:33, 31:22, 33:23, 33:31);1;Cleveland Cavaliers;Denver Nuggets;11 Feb 2017;125;109;2016-2017
349;Cleveland Cavaliers - Denver Nuggets;bet-at-home;-1000;+576;Saturday, 11 Feb 2017, 23:30;Final result 125:109 (28:33, 31:22, 33:23, 33:31);1;Cleveland Cavaliers;Denver Nuggets;11 Feb 2017;125;109;2016-2017
350;Cleveland Cavaliers - Denver Nuggets;bet365;-909;+600;Saturday, 11 Feb 2017, 23:30;Final result 125:109 (28:33, 31:22, 33:23, 33:31);1;Cleveland Cavaliers;Denver Nuggets;11 Feb 2017;125;109;2016-2017
351;Cleveland Cavaliers - Denver Nuggets;bwin;-714;+500;Saturday, 11 Feb 2017, 23:30;Final result 125:109 (28:33, 31:22, 33:23, 33:31);1;Cleveland Cavaliers;Denver Nuggets;11 Feb 2017;125;109;2016-2017
352;Cleveland Cavaliers - Denver Nuggets;Marathonbet;-714;+600;Saturday, 11 Feb 2017, 23:30;Final result 125:109 (28:33, 31:22, 33:23, 33:31);1;Cleveland Cavaliers;Denver Nuggets;11 Feb 2017;125;109;2016-2017
353;Cleveland Cavaliers - Denver Nuggets;Pinnacle;-769;+638;Saturday, 11 Feb 2017, 23:30;Final result 125:109 (28:33, 31:22, 33:23, 33:31);1;Cleveland Cavaliers;Denver Nuggets;11 Feb 2017;125;109;2016-2017
354;Cleveland Cavaliers - Denver Nuggets;Unibet;-909;+650;Saturday, 11 Feb 2017, 23:30;Final result 125:109 (28:33, 31:22, 33:23, 33:31);1;Cleveland Cavaliers;Denver Nuggets;11 Feb 2017;125;109;2016-2017
355;Cleveland Cavaliers - Denver Nuggets;William Hill;-909;+600;Saturday, 11 Feb 2017, 23:30;Final result 125:109 (28:33, 31:22, 33:23, 33:31);1;Cleveland Cavaliers;Denver Nuggets;11 Feb 2017;125;109;2016-2017
406;Los Angeles Lakers - Denver Nuggets;1xBet;+100;-108;Wednesday, 01 Feb 2017, 02:30;Final result 120:116 (30:30, 24:29, 27:17, 39:40);1;Los Angeles Lakers;Denver Nuggets;01 Feb 2017;120;116;2016-2017
407;Los Angeles Lakers - Denver Nuggets;bet-at-home;-111;-115;Wednesday, 01 Feb 2017, 02:30;Final result 120:116 (30:30, 24:29, 27:17, 39:40);1;Los Angeles Lakers;Denver Nuggets;01 Feb 2017;120;116;2016-2017
408;Los Angeles Lakers - Denver Nuggets;bet365;-105;-116;Wednesday, 01 Feb 2017, 02:30;Final result 120:116 (30:30, 24:29, 27:17, 39:40);1;Los Angeles Lakers;Denver Nuggets;01 Feb 2017;120;116;2016-2017
409;Los Angeles Lakers - Denver Nuggets;bwin;+100;-120;Wednesday, 01 Feb 2017, 02:30;Final result 120:116 (30:30, 24:29, 27:17, 39:40);1;Los Angeles Lakers;Denver Nuggets;01 Feb 2017;120;116;2016-2017
410;Los Angeles Lakers - Denver Nuggets;Marathonbet;-110;+100;Wednesday, 01 Feb 2017, 02:30;Final result 120:116 (30:30, 24:29, 27:17, 39:40);1;Los Angeles Lakers;Denver Nuggets;01 Feb 2017;120;116;2016-2017
411;Los Angeles Lakers - Denver Nuggets;Pinnacle;-101;-109;Wednesday, 01 Feb 2017, 02:30;Final result 120:116 (30:30, 24:29, 27:17, 39:40);1;Los Angeles Lakers;Denver Nuggets;01 Feb 2017;120;116;2016-2017
412;Los Angeles Lakers - Denver Nuggets;Unibet;-104;-114;Wednesday, 01 Feb 2017, 02:30;Final result 120:116 (30:30, 24:29, 27:17, 39:40);1;Los Angeles Lakers;Denver Nuggets;01 Feb 2017;120;116;2016-2017
413;Los Angeles Lakers - Denver Nuggets;William Hill;-110;-110;Wednesday, 01 Feb 2017, 02:30;Final result 120:116 (30:30, 24:29, 27:17, 39:40);1;Los Angeles Lakers;Denver Nuggets;01 Feb 2017;120;116;2016-2017
435;San Antonio Spurs - Oklahoma City Thunder;1xBet;-385;+348;Wednesday, 01 Feb 2017, 00:30;Final result 108:94 (31:17, 21:25, 27:33, 29:19);1;San Antonio Spurs;Oklahoma City Thunder;01 Feb 2017;108;94 ;2016-2017
436;San Antonio Spurs - Oklahoma City Thunder;bet-at-home;-556;+374;Wednesday, 01 Feb 2017, 00:30;Final result 108:94 (31:17, 21:25, 27:33, 29:19);1;San Antonio Spurs;Oklahoma City Thunder;01 Feb 2017;108;94 ;2016-2017
437;San Antonio Spurs - Oklahoma City Thunder;bet365;-500;+375;Wednesday, 01 Feb 2017, 00:30;Final result 108:94 (31:17, 21:25, 27:33, 29:19);1;San Antonio Spurs;Oklahoma City Thunder;01 Feb 2017;108;94 ;2016-2017
438;San Antonio Spurs - Oklahoma City Thunder;bwin;-500;+375;Wednesday, 01 Feb 2017, 00:30;Final result 108:94 (31:17, 21:25, 27:33, 29:19);1;San Antonio Spurs;Oklahoma City Thunder;01 Feb 2017;108;94 ;2016-2017
439;San Antonio Spurs - Oklahoma City Thunder;Marathonbet;-400;+355;Wednesday, 01 Feb 2017, 00:30;Final result 108:94 (31:17, 21:25, 27:33, 29:19);1;San Antonio Spurs;Oklahoma City Thunder;01 Feb 2017;108;94 ;2016-2017
440;San Antonio Spurs - Oklahoma City Thunder;Pinnacle;-476;+400;Wednesday, 01 Feb 2017, 00:30;Final result 108:94 (31:17, 21:25, 27:33, 29:19);1;San Antonio Spurs;Oklahoma City Thunder;01 Feb 2017;108;94 ;2016-2017
441;San Antonio Spurs - Oklahoma City Thunder;Unibet;-500;+390;Wednesday, 01 Feb 2017, 00:30;Final result 108:94 (31:17, 21:25, 27:33, 29:19);1;San Antonio Spurs;Oklahoma City Thunder;01 Feb 2017;108;94 ;2016-2017
442;San Antonio Spurs - Oklahoma City Thunder;William Hill;-556;+375;Wednesday, 01 Feb 2017, 00:30;Final result 108:94 (31:17, 21:25, 27:33, 29:19);1;San Antonio Spurs;Oklahoma City Thunder;01 Feb 2017;108;94 ;2016-2017
464;Toronto Raptors - New Orleans Pelicans;1xBet;-278;+254;Tuesday, 31 Jan 2017, 23:00;Final result 108:106 OT (96:96) (23:25, 23:35, 31:15, 19:21, 12:10);1;Toronto Raptors;New Orleans Pelicans;31 Jan 2017;108;106;2016-2017
465;Toronto Raptors - New Orleans Pelicans;bet-at-home;-345;+252;Tuesday, 31 Jan 2017, 23:00;Final result 108:106 OT (96:96) (23:25, 23:35, 31:15, 19:21, 12:10);1;Toronto Raptors;New Orleans Pelicans;31 Jan 2017;108;106;2016-2017
466;Toronto Raptors - New Orleans Pelicans;bet365;-370;+280;Tuesday, 31 Jan 2017, 23:00;Final result 108:106 OT (96:96) (23:25, 23:35, 31:15, 19:21, 12:10);1;Toronto Raptors;New Orleans Pelicans;31 Jan 2017;108;106;2016-2017
467;Toronto Raptors - New Orleans Pelicans;bwin;-333;+260;Tuesday, 31 Jan 2017, 23:00;Final result 108:106 OT (96:96) (23:25, 23:35, 31:15, 19:21, 12:10);1;Toronto Raptors;New Orleans Pelicans;31 Jan 2017;108;106;2016-2017
468;Toronto Raptors - New Orleans Pelicans;Marathonbet;-294;+265;Tuesday, 31 Jan 2017, 23:00;Final result 108:106 OT (96:96) (23:25, 23:35, 31:15, 19:21, 12:10);1;Toronto Raptors;New Orleans Pelicans;31 Jan 2017;108;106;2016-2017
469;Toronto Raptors - New Orleans Pelicans;Pinnacle;-323;+282;Tuesday, 31 Jan 2017, 23:00;Final result 108:106 OT (96:96) (23:25, 23:35, 31:15, 19:21, 12:10);1;Toronto Raptors;New Orleans Pelicans;31 Jan 2017;108;106;2016-2017
470;Toronto Raptors - New Orleans Pelicans;Unibet;-303;+245;Tuesday, 31 Jan 2017, 23:00;Final result 108:106 OT (96:96) (23:25, 23:35, 31:15, 19:21, 12:10);1;Toronto Raptors;New Orleans Pelicans;31 Jan 2017;108;106;2016-2017
471;Toronto Raptors - New Orleans Pelicans;William Hill;-345;+275;Tuesday, 31 Jan 2017, 23:00;Final result 108:106 OT (96:96) (23:25, 23:35, 31:15, 19:21, 12:10);1;Toronto Raptors;New Orleans Pelicans;31 Jan 2017;108;106;2016-2017
493;Cleveland Cavaliers - Oklahoma City Thunder;1xBet;-333;+304;Sunday, 29 Jan 2017, 19:30;Final result 107:91 (21:24, 37:21, 22:20, 27:26);1;Cleveland Cavaliers;Oklahoma City Thunder;29 Jan 2017;107;91 ;2016-2017
494;Cleveland Cavaliers - Oklahoma City Thunder;bet-at-home;-370;+269;Sunday, 29 Jan 2017, 19:30;Final result 107:91 (21:24, 37:21, 22:20, 27:26);1;Cleveland Cavaliers;Oklahoma City Thunder;29 Jan 2017;107;91 ;2016-2017
495;Cleveland Cavaliers - Oklahoma City Thunder;bet365;-370;+280;Sunday, 29 Jan 2017, 19:30;Final result 107:91 (21:24, 37:21, 22:20, 27:26);1;Cleveland Cavaliers;Oklahoma City Thunder;29 Jan 2017;107;91 ;2016-2017
496;Cleveland Cavaliers - Oklahoma City Thunder;bwin;-357;+275;Sunday, 29 Jan 2017, 19:30;Final result 107:91 (21:24, 37:21, 22:20, 27:26);1;Cleveland Cavaliers;Oklahoma City Thunder;29 Jan 2017;107;91 ;2016-2017
497;Cleveland Cavaliers - Oklahoma City Thunder;Marathonbet;-333;+298;Sunday, 29 Jan 2017, 19:30;Final result 107:91 (21:24, 37:21, 22:20, 27:26);1;Cleveland Cavaliers;Oklahoma City Thunder;29 Jan 2017;107;91 ;2016-2017
498;Cleveland Cavaliers - Oklahoma City Thunder;Pinnacle;-345;+297;Sunday, 29 Jan 2017, 19:30;Final result 107:91 (21:24, 37:21, 22:20, 27:26);1;Cleveland Cavaliers;Oklahoma City Thunder;29 Jan 2017;107;91 ;2016-2017
499;Cleveland Cavaliers - Oklahoma City Thunder;Unibet;-345;+270;Sunday, 29 Jan 2017, 19:30;Final result 107:91 (21:24, 37:21, 22:20, 27:26);1;Cleveland Cavaliers;Oklahoma City Thunder;29 Jan 2017;107;91 ;2016-2017
500;Cleveland Cavaliers - Oklahoma City Thunder;William Hill;-357;+280;Sunday, 29 Jan 2017, 19:30;Final result 107:91 (21:24, 37:21, 22:20, 27:26);1;Cleveland Cavaliers;Oklahoma City Thunder;29 Jan 2017;107;91 ;2016-2017
522;New Orleans Pelicans - Oklahoma City Thunder;1xBet;+104;-112;Thursday, 26 Jan 2017, 00:00;Final result 105:114 (20:33, 25:31, 37:28, 23:22);1;New Orleans Pelicans;Oklahoma City Thunder;26 Jan 2017;105;114;2016-2017
523;New Orleans Pelicans - Oklahoma City Thunder;bet-at-home;+100;-127;Thursday, 26 Jan 2017, 00:00;Final result 105:114 (20:33, 25:31, 37:28, 23:22);1;New Orleans Pelicans;Oklahoma City Thunder;26 Jan 2017;105;114;2016-2017
524;New Orleans Pelicans - Oklahoma City Thunder;bet365;+100;-120;Thursday, 26 Jan 2017, 00:00;Final result 105:114 (20:33, 25:31, 37:28, 23:22);1;New Orleans Pelicans;Oklahoma City Thunder;26 Jan 2017;105;114;2016-2017
525;New Orleans Pelicans - Oklahoma City Thunder;bwin;+104;-128;Thursday, 26 Jan 2017, 00:00;Final result 105:114 (20:33, 25:31, 37:28, 23:22);1;New Orleans Pelicans;Oklahoma City Thunder;26 Jan 2017;105;114;2016-2017
526;New Orleans Pelicans - Oklahoma City Thunder;Marathonbet;+106;-115;Thursday, 26 Jan 2017, 00:00;Final result 105:114 (20:33, 25:31, 37:28, 23:22);1;New Orleans Pelicans;Oklahoma City Thunder;26 Jan 2017;105;114;2016-2017
527;New Orleans Pelicans - Oklahoma City Thunder;Pinnacle;+104;-116;Thursday, 26 Jan 2017, 00:00;Final result 105:114 (20:33, 25:31, 37:28, 23:22);1;New Orleans Pelicans;Oklahoma City Thunder;26 Jan 2017;105;114;2016-2017
528;New Orleans Pelicans - Oklahoma City Thunder;Unibet;+102;-122;Thursday, 26 Jan 2017, 00:00;Final result 105:114 (20:33, 25:31, 37:28, 23:22);1;New Orleans Pelicans;Oklahoma City Thunder;26 Jan 2017;105;114;2016-2017
529;New Orleans Pelicans - Oklahoma City Thunder;William Hill;+100;-120;Thursday, 26 Jan 2017, 00:00;Final result 105:114 (20:33, 25:31, 37:28, 23:22);1;New Orleans Pelicans;Oklahoma City Thunder;26 Jan 2017;105;114;2016-2017
580;Los Angeles Lakers - Detroit Pistons;1xBet;+117;-125;Monday, 16 Jan 2017, 01:30;Final result 97:102 (31:23, 26:36, 15:16, 25:27);1;Los Angeles Lakers;Detroit Pistons;16 Jan 2017; 97;102;2016-2017
581;Los Angeles Lakers - Detroit Pistons;bet-at-home;+106;-135;Monday, 16 Jan 2017, 01:30;Final result 97:102 (31:23, 26:36, 15:16, 25:27);1;Los Angeles Lakers;Detroit Pistons;16 Jan 2017; 97;102;2016-2017
582;Los Angeles Lakers - Detroit Pistons;bet365;+114;-135;Monday, 16 Jan 2017, 01:30;Final result 97:102 (31:23, 26:36, 15:16, 25:27);1;Los Angeles Lakers;Detroit Pistons;16 Jan 2017; 97;102;2016-2017
583;Los Angeles Lakers - Detroit Pistons;bwin;+114;-139;Monday, 16 Jan 2017, 01:30;Final result 97:102 (31:23, 26:36, 15:16, 25:27);1;Los Angeles Lakers;Detroit Pistons;16 Jan 2017; 97;102;2016-2017
584;Los Angeles Lakers - Detroit Pistons;Marathonbet;+118;-128;Monday, 16 Jan 2017, 01:30;Final result 97:102 (31:23, 26:36, 15:16, 25:27);1;Los Angeles Lakers;Detroit Pistons;16 Jan 2017; 97;102;2016-2017
585;Los Angeles Lakers - Detroit Pistons;Pinnacle;+112;-125;Monday, 16 Jan 2017, 01:30;Final result 97:102 (31:23, 26:36, 15:16, 25:27);1;Los Angeles Lakers;Detroit Pistons;16 Jan 2017; 97;102;2016-2017
586;Los Angeles Lakers - Detroit Pistons;Unibet;+114;-135;Monday, 16 Jan 2017, 01:30;Final result 97:102 (31:23, 26:36, 15:16, 25:27);1;Los Angeles Lakers;Detroit Pistons;16 Jan 2017; 97;102;2016-2017
587;Los Angeles Lakers - Detroit Pistons;William Hill;+110;-130;Monday, 16 Jan 2017, 01:30;Final result 97:102 (31:23, 26:36, 15:16, 25:27);1;Los Angeles Lakers;Detroit Pistons;16 Jan 2017; 97;102;2016-2017
609;Toronto Raptors - Houston Rockets;1xBet;+116;-125;Sunday, 08 Jan 2017, 22:00;Final result 122:129 (37:27, 26:34, 36:34, 23:34);1;Toronto Raptors;Houston Rockets;08 Jan 2017;122;129;2016-2017
610;Toronto Raptors - Houston Rockets;bet-at-home;+114;-147;Sunday, 08 Jan 2017, 22:00;Final result 122:129 (37:27, 26:34, 36:34, 23:34);1;Toronto Raptors;Houston Rockets;08 Jan 2017;122;129;2016-2017
611;Toronto Raptors - Houston Rockets;bet365;+114;-135;Sunday, 08 Jan 2017, 22:00;Final result 122:129 (37:27, 26:34, 36:34, 23:34);1;Toronto Raptors;Houston Rockets;08 Jan 2017;122;129;2016-2017
612;Toronto Raptors - Houston Rockets;bwin;+120;-143;Sunday, 08 Jan 2017, 22:00;Final result 122:129 (37:27, 26:34, 36:34, 23:34);1;Toronto Raptors;Houston Rockets;08 Jan 2017;122;129;2016-2017
613;Toronto Raptors - Houston Rockets;Marathonbet;+117;-127;Sunday, 08 Jan 2017, 22:00;Final result 122:129 (37:27, 26:34, 36:34, 23:34);1;Toronto Raptors;Houston Rockets;08 Jan 2017;122;129;2016-2017
614;Toronto Raptors - Houston Rockets;Pinnacle;+110;-123;Sunday, 08 Jan 2017, 22:00;Final result 122:129 (37:27, 26:34, 36:34, 23:34);1;Toronto Raptors;Houston Rockets;08 Jan 2017;122;129;2016-2017
615;Toronto Raptors - Houston Rockets;Unibet;+118;-139;Sunday, 08 Jan 2017, 22:00;Final result 122:129 (37:27, 26:34, 36:34, 23:34);1;Toronto Raptors;Houston Rockets;08 Jan 2017;122;129;2016-2017
616;Toronto Raptors - Houston Rockets;William Hill;+114;-135;Sunday, 08 Jan 2017, 22:00;Final result 122:129 (37:27, 26:34, 36:34, 23:34);1;Toronto Raptors;Houston Rockets;08 Jan 2017;122;129;2016-2017
638;Los Angeles Lakers - Toronto Raptors;1xBet;+292;-333;Monday, 02 Jan 2017, 01:30;Final result 114:123 (33:27, 24:31, 26:27, 31:38);1;Los Angeles Lakers;Toronto Raptors;02 Jan 2017;114;123;2016-2017
639;Los Angeles Lakers - Toronto Raptors;bet-at-home;+309;-435;Monday, 02 Jan 2017, 01:30;Final result 114:123 (33:27, 24:31, 26:27, 31:38);1;Los Angeles Lakers;Toronto Raptors;02 Jan 2017;114;123;2016-2017
640;Los Angeles Lakers - Toronto Raptors;bet365;+300;-385;Monday, 02 Jan 2017, 01:30;Final result 114:123 (33:27, 24:31, 26:27, 31:38);1;Los Angeles Lakers;Toronto Raptors;02 Jan 2017;114;123;2016-2017
641;Los Angeles Lakers - Toronto Raptors;bwin;+275;-357;Monday, 02 Jan 2017, 01:30;Final result 114:123 (33:27, 24:31, 26:27, 31:38);1;Los Angeles Lakers;Toronto Raptors;02 Jan 2017;114;123;2016-2017
642;Los Angeles Lakers - Toronto Raptors;Marathonbet;+298;-333;Monday, 02 Jan 2017, 01:30;Final result 114:123 (33:27, 24:31, 26:27, 31:38);1;Los Angeles Lakers;Toronto Raptors;02 Jan 2017;114;123;2016-2017
643;Los Angeles Lakers - Toronto Raptors;Pinnacle;+301;-345;Monday, 02 Jan 2017, 01:30;Final result 114:123 (33:27, 24:31, 26:27, 31:38);1;Los Angeles Lakers;Toronto Raptors;02 Jan 2017;114;123;2016-2017
644;Los Angeles Lakers - Toronto Raptors;Unibet;+290;-357;Monday, 02 Jan 2017, 01:30;Final result 114:123 (33:27, 24:31, 26:27, 31:38);1;Los Angeles Lakers;Toronto Raptors;02 Jan 2017;114;123;2016-2017
645;Los Angeles Lakers - Toronto Raptors;William Hill;+290;-385;Monday, 02 Jan 2017, 01:30;Final result 114:123 (33:27, 24:31, 26:27, 31:38);1;Los Angeles Lakers;Toronto Raptors;02 Jan 2017;114;123;2016-2017
667;New Orleans Pelicans - Los Angeles Clippers;1xBet;+108;-116;Thursday, 29 Dec 2016, 00:00;Final result 102:98 (19:27, 30:29, 27:21, 26:21);1;New Orleans Pelicans;Los Angeles Clippers;29 Dec 2016;102;98 ;2016-2017
668;New Orleans Pelicans - Los Angeles Clippers;bet-at-home;+102;-130;Thursday, 29 Dec 2016, 00:00;Final result 102:98 (19:27, 30:29, 27:21, 26:21);1;New Orleans Pelicans;Los Angeles Clippers;29 Dec 2016;102;98 ;2016-2017
669;New Orleans Pelicans - Los Angeles Clippers;bet365;+114;-135;Thursday, 29 Dec 2016, 00:00;Final result 102:98 (19:27, 30:29, 27:21, 26:21);1;New Orleans Pelicans;Los Angeles Clippers;29 Dec 2016;102;98 ;2016-2017
670;New Orleans Pelicans - Los Angeles Clippers;bwin;+104;-125;Thursday, 29 Dec 2016, 00:00;Final result 102:98 (19:27, 30:29, 27:21, 26:21);1;New Orleans Pelicans;Los Angeles Clippers;29 Dec 2016;102;98 ;2016-2017
671;New Orleans Pelicans - Los Angeles Clippers;Marathonbet;+110;-119;Thursday, 29 Dec 2016, 00:00;Final result 102:98 (19:27, 30:29, 27:21, 26:21);1;New Orleans Pelicans;Los Angeles Clippers;29 Dec 2016;102;98 ;2016-2017
672;New Orleans Pelicans - Los Angeles Clippers;Pinnacle;+108;-120;Thursday, 29 Dec 2016, 00:00;Final result 102:98 (19:27, 30:29, 27:21, 26:21);1;New Orleans Pelicans;Los Angeles Clippers;29 Dec 2016;102;98 ;2016-2017
673;New Orleans Pelicans - Los Angeles Clippers;Unibet;+108;-130;Thursday, 29 Dec 2016, 00:00;Final result 102:98 (19:27, 30:29, 27:21, 26:21);1;New Orleans Pelicans;Los Angeles Clippers;29 Dec 2016;102;98 ;2016-2017
674;New Orleans Pelicans - Los Angeles Clippers;William Hill;+104;-125;Thursday, 29 Dec 2016, 00:00;Final result 102:98 (19:27, 30:29, 27:21, 26:21);1;New Orleans Pelicans;Los Angeles Clippers;29 Dec 2016;102;98 ;2016-2017
696;Orlando Magic - Memphis Grizzlies;1xBet;+144;-154;Monday, 26 Dec 2016, 23:00;Final result 112:102 (36:18, 32:25, 28:28, 16:31);1;Orlando Magic;Memphis Grizzlies;26 Dec 2016;112;102;2016-2017
697;Orlando Magic - Memphis Grizzlies;bet-at-home;+131;-169;Monday, 26 Dec 2016, 23:00;Final result 112:102 (36:18, 32:25, 28:28, 16:31);1;Orlando Magic;Memphis Grizzlies;26 Dec 2016;112;102;2016-2017
698;Orlando Magic - Memphis Grizzlies;bet365;+135;-156;Monday, 26 Dec 2016, 23:00;Final result 112:102 (36:18, 32:25, 28:28, 16:31);1;Orlando Magic;Memphis Grizzlies;26 Dec 2016;112;102;2016-2017
699;Orlando Magic - Memphis Grizzlies;bwin;+135;-161;Monday, 26 Dec 2016, 23:00;Final result 112:102 (36:18, 32:25, 28:28, 16:31);1;Orlando Magic;Memphis Grizzlies;26 Dec 2016;112;102;2016-2017
700;Orlando Magic - Memphis Grizzlies;Marathonbet;+146;-159;Monday, 26 Dec 2016, 23:00;Final result 112:102 (36:18, 32:25, 28:28, 16:31);1;Orlando Magic;Memphis Grizzlies;26 Dec 2016;112;102;2016-2017
701;Orlando Magic - Memphis Grizzlies;Pinnacle;+141;-156;Monday, 26 Dec 2016, 23:00;Final result 112:102 (36:18, 32:25, 28:28, 16:31);1;Orlando Magic;Memphis Grizzlies;26 Dec 2016;112;102;2016-2017
702;Orlando Magic - Memphis Grizzlies;Unibet;+129;-156;Monday, 26 Dec 2016, 23:00;Final result 112:102 (36:18, 32:25, 28:28, 16:31);1;Orlando Magic;Memphis Grizzlies;26 Dec 2016;112;102;2016-2017
703;Orlando Magic - Memphis Grizzlies;William Hill;+140;-161;Monday, 26 Dec 2016, 23:00;Final result 112:102 (36:18, 32:25, 28:28, 16:31);1;Orlando Magic;Memphis Grizzlies;26 Dec 2016;112;102;2016-2017
725;San Antonio Spurs - New Orleans Pelicans;1xBet;-667;+570;Sunday, 18 Dec 2016, 23:00;Final result 113:100 (30:26, 31:23, 31:22, 21:29);1;San Antonio Spurs;New Orleans Pelicans;18 Dec 2016;113;100;2016-2017
726;San Antonio Spurs - New Orleans Pelicans;bet365;-1000;+625;Sunday, 18 Dec 2016, 23:00;Final result 113:100 (30:26, 31:23, 31:22, 21:29);1;San Antonio Spurs;New Orleans Pelicans;18 Dec 2016;113;100;2016-2017
727;San Antonio Spurs - New Orleans Pelicans;bwin;-909;+600;Sunday, 18 Dec 2016, 23:00;Final result 113:100 (30:26, 31:23, 31:22, 21:29);1;San Antonio Spurs;New Orleans Pelicans;18 Dec 2016;113;100;2016-2017
728;San Antonio Spurs - New Orleans Pelicans;Marathonbet;-667;+560;Sunday, 18 Dec 2016, 23:00;Final result 113:100 (30:26, 31:23, 31:22, 21:29);1;San Antonio Spurs;New Orleans Pelicans;18 Dec 2016;113;100;2016-2017
729;San Antonio Spurs - New Orleans Pelicans;Pinnacle;-769;+638;Sunday, 18 Dec 2016, 23:00;Final result 113:100 (30:26, 31:23, 31:22, 21:29);1;San Antonio Spurs;New Orleans Pelicans;18 Dec 2016;113;100;2016-2017
730;San Antonio Spurs - New Orleans Pelicans;Unibet;-909;+650;Sunday, 18 Dec 2016, 23:00;Final result 113:100 (30:26, 31:23, 31:22, 21:29);1;San Antonio Spurs;New Orleans Pelicans;18 Dec 2016;113;100;2016-2017
731;San Antonio Spurs - New Orleans Pelicans;William Hill;-909;+600;Sunday, 18 Dec 2016, 23:00;Final result 113:100 (30:26, 31:23, 31:22, 21:29);1;San Antonio Spurs;New Orleans Pelicans;18 Dec 2016;113;100;2016-2017
754;Dallas Mavericks - Sacramento Kings;1xBet;+138;-149;Thursday, 08 Dec 2016, 00:30;Final result 89:120 (23:26, 29:30, 12:29, 25:35);1;Dallas Mavericks;Sacramento Kings;08 Dec 2016; 89;120;2016-2017
755;Dallas Mavericks - Sacramento Kings;bet-at-home;+131;-167;Thursday, 08 Dec 2016, 00:30;Final result 89:120 (23:26, 29:30, 12:29, 25:35);1;Dallas Mavericks;Sacramento Kings;08 Dec 2016; 89;120;2016-2017
756;Dallas Mavericks - Sacramento Kings;bet365;+129;-152;Thursday, 08 Dec 2016, 00:30;Final result 89:120 (23:26, 29:30, 12:29, 25:35);1;Dallas Mavericks;Sacramento Kings;08 Dec 2016; 89;120;2016-2017
757;Dallas Mavericks - Sacramento Kings;bwin;+140;-167;Thursday, 08 Dec 2016, 00:30;Final result 89:120 (23:26, 29:30, 12:29, 25:35);1;Dallas Mavericks;Sacramento Kings;08 Dec 2016; 89;120;2016-2017
758;Dallas Mavericks - Sacramento Kings;Marathonbet;+141;-154;Thursday, 08 Dec 2016, 00:30;Final result 89:120 (23:26, 29:30, 12:29, 25:35);1;Dallas Mavericks;Sacramento Kings;08 Dec 2016; 89;120;2016-2017
759;Dallas Mavericks - Sacramento Kings;Pinnacle;+136;-149;Thursday, 08 Dec 2016, 00:30;Final result 89:120 (23:26, 29:30, 12:29, 25:35);1;Dallas Mavericks;Sacramento Kings;08 Dec 2016; 89;120;2016-2017
760;Dallas Mavericks - Sacramento Kings;Unibet;+138;-164;Thursday, 08 Dec 2016, 00:30;Final result 89:120 (23:26, 29:30, 12:29, 25:35);1;Dallas Mavericks;Sacramento Kings;08 Dec 2016; 89;120;2016-2017
761;Dallas Mavericks - Sacramento Kings;William Hill;+129;-149;Thursday, 08 Dec 2016, 00:30;Final result 89:120 (23:26, 29:30, 12:29, 25:35);1;Dallas Mavericks;Sacramento Kings;08 Dec 2016; 89;120;2016-2017
783;Milwaukee Bucks - Portland Trail Blazers;1xBet;-118;+110;Thursday, 08 Dec 2016, 00:00;Final result 115:107 (28:28, 23:30, 34:18, 30:31);1;Milwaukee Bucks;Portland Trail Blazers;08 Dec 2016;115;107;2016-2017
784;Milwaukee Bucks - Portland Trail Blazers;bet-at-home;-130;+102;Thursday, 08 Dec 2016, 00:00;Final result 115:107 (28:28, 23:30, 34:18, 30:31);1;Milwaukee Bucks;Portland Trail Blazers;08 Dec 2016;115;107;2016-2017
785;Milwaukee Bucks - Portland Trail Blazers;bet365;-125;+104;Thursday, 08 Dec 2016, 00:00;Final result 115:107 (28:28, 23:30, 34:18, 30:31);1;Milwaukee Bucks;Portland Trail Blazers;08 Dec 2016;115;107;2016-2017
786;Milwaukee Bucks - Portland Trail Blazers;bwin;-128;+104;Thursday, 08 Dec 2016, 00:00;Final result 115:107 (28:28, 23:30, 34:18, 30:31);1;Milwaukee Bucks;Portland Trail Blazers;08 Dec 2016;115;107;2016-2017
787;Milwaukee Bucks - Portland Trail Blazers;Marathonbet;-120;+110;Thursday, 08 Dec 2016, 00:00;Final result 115:107 (28:28, 23:30, 34:18, 30:31);1;Milwaukee Bucks;Portland Trail Blazers;08 Dec 2016;115;107;2016-2017
788;Milwaukee Bucks - Portland Trail Blazers;Pinnacle;-119;+108;Thursday, 08 Dec 2016, 00:00;Final result 115:107 (28:28, 23:30, 34:18, 30:31);1;Milwaukee Bucks;Portland Trail Blazers;08 Dec 2016;115;107;2016-2017
789;Milwaukee Bucks - Portland Trail Blazers;Unibet;-123;+104;Thursday, 08 Dec 2016, 00:00;Final result 115:107 (28:28, 23:30, 34:18, 30:31);1;Milwaukee Bucks;Portland Trail Blazers;08 Dec 2016;115;107;2016-2017
790;Milwaukee Bucks - Portland Trail Blazers;William Hill;-125;+104;Thursday, 08 Dec 2016, 00:00;Final result 115:107 (28:28, 23:30, 34:18, 30:31);1;Milwaukee Bucks;Portland Trail Blazers;08 Dec 2016;115;107;2016-2017
841;Dallas Mavericks - Charlotte Hornets;1xBet;+144;-154;Tuesday, 06 Dec 2016, 00:30;Final result 101:109 (23:23, 27:25, 28:27, 23:34);1;Dallas Mavericks;Charlotte Hornets;06 Dec 2016;101;109;2016-2017
842;Dallas Mavericks - Charlotte Hornets;bet-at-home;+135;-172;Tuesday, 06 Dec 2016, 00:30;Final result 101:109 (23:23, 27:25, 28:27, 23:34);1;Dallas Mavericks;Charlotte Hornets;06 Dec 2016;101;109;2016-2017
843;Dallas Mavericks - Charlotte Hornets;bet365;+145;-167;Tuesday, 06 Dec 2016, 00:30;Final result 101:109 (23:23, 27:25, 28:27, 23:34);1;Dallas Mavericks;Charlotte Hornets;06 Dec 2016;101;109;2016-2017
844;Dallas Mavericks - Charlotte Hornets;bwin;+135;-161;Tuesday, 06 Dec 2016, 00:30;Final result 101:109 (23:23, 27:25, 28:27, 23:34);1;Dallas Mavericks;Charlotte Hornets;06 Dec 2016;101;109;2016-2017
845;Dallas Mavericks - Charlotte Hornets;Marathonbet;+146;-159;Tuesday, 06 Dec 2016, 00:30;Final result 101:109 (23:23, 27:25, 28:27, 23:34);1;Dallas Mavericks;Charlotte Hornets;06 Dec 2016;101;109;2016-2017
846;Dallas Mavericks - Charlotte Hornets;Pinnacle;+147;-164;Tuesday, 06 Dec 2016, 00:30;Final result 101:109 (23:23, 27:25, 28:27, 23:34);1;Dallas Mavericks;Charlotte Hornets;06 Dec 2016;101;109;2016-2017
847;Dallas Mavericks - Charlotte Hornets;Unibet;+135;-161;Tuesday, 06 Dec 2016, 00:30;Final result 101:109 (23:23, 27:25, 28:27, 23:34);1;Dallas Mavericks;Charlotte Hornets;06 Dec 2016;101;109;2016-2017
848;Dallas Mavericks - Charlotte Hornets;William Hill;+150;-169;Tuesday, 06 Dec 2016, 00:30;Final result 101:109 (23:23, 27:25, 28:27, 23:34);1;Dallas Mavericks;Charlotte Hornets;06 Dec 2016;101;109;2016-2017
870;Brooklyn Nets - Los Angeles Clippers;1xBet;+480;-625;Tuesday, 29 Nov 2016, 23:30;Final result 127:122 OT (107:107) (24:28, 29:37, 20:21, 34:21, 20:15);1;Brooklyn Nets;Los Angeles Clippers;29 Nov 2016;127;122;2016-2017
871;Brooklyn Nets - Los Angeles Clippers;bet-at-home;+493;-833;Tuesday, 29 Nov 2016, 23:30;Final result 127:122 OT (107:107) (24:28, 29:37, 20:21, 34:21, 20:15);1;Brooklyn Nets;Los Angeles Clippers;29 Nov 2016;127;122;2016-2017
872;Brooklyn Nets - Los Angeles Clippers;bet365;+500;-714;Tuesday, 29 Nov 2016, 23:30;Final result 127:122 OT (107:107) (24:28, 29:37, 20:21, 34:21, 20:15);1;Brooklyn Nets;Los Angeles Clippers;29 Nov 2016;127;122;2016-2017
873;Brooklyn Nets - Los Angeles Clippers;bwin;+600;-909;Tuesday, 29 Nov 2016, 23:30;Final result 127:122 OT (107:107) (24:28, 29:37, 20:21, 34:21, 20:15);1;Brooklyn Nets;Los Angeles Clippers;29 Nov 2016;127;122;2016-2017
874;Brooklyn Nets - Los Angeles Clippers;Marathonbet;+500;-588;Tuesday, 29 Nov 2016, 23:30;Final result 127:122 OT (107:107) (24:28, 29:37, 20:21, 34:21, 20:15);1;Brooklyn Nets;Los Angeles Clippers;29 Nov 2016;127;122;2016-2017
875;Brooklyn Nets - Los Angeles Clippers;Pinnacle;+516;-625;Tuesday, 29 Nov 2016, 23:30;Final result 127:122 OT (107:107) (24:28, 29:37, 20:21, 34:21, 20:15);1;Brooklyn Nets;Los Angeles Clippers;29 Nov 2016;127;122;2016-2017
876;Brooklyn Nets - Los Angeles Clippers;Unibet;+575;-769;Tuesday, 29 Nov 2016, 23:30;Final result 127:122 OT (107:107) (24:28, 29:37, 20:21, 34:21, 20:15);1;Brooklyn Nets;Los Angeles Clippers;29 Nov 2016;127;122;2016-2017
877;Brooklyn Nets - Los Angeles Clippers;William Hill;+500;-714;Tuesday, 29 Nov 2016, 23:30;Final result 127:122 OT (107:107) (24:28, 29:37, 20:21, 34:21, 20:15);1;Brooklyn Nets;Los Angeles Clippers;29 Nov 2016;127;122;2016-2017
899;Los Angeles Lakers - Oklahoma City Thunder;1xBet;+138;-152;Wednesday, 23 Nov 2016, 02:30;Final result 111:109 (29:16, 20:32, 31:26, 31:35);1;Los Angeles Lakers;Oklahoma City Thunder;23 Nov 2016;111;109;2016-2017
900;Los Angeles Lakers - Oklahoma City Thunder;bet-at-home;+125;-161;Wednesday, 23 Nov 2016, 02:30;Final result 111:109 (29:16, 20:32, 31:26, 31:35);1;Los Angeles Lakers;Oklahoma City Thunder;23 Nov 2016;111;109;2016-2017
901;Los Angeles Lakers - Oklahoma City Thunder;bet365;+135;-156;Wednesday, 23 Nov 2016, 02:30;Final result 111:109 (29:16, 20:32, 31:26, 31:35);1;Los Angeles Lakers;Oklahoma City Thunder;23 Nov 2016;111;109;2016-2017
902;Los Angeles Lakers - Oklahoma City Thunder;bwin;+135;-161;Wednesday, 23 Nov 2016, 02:30;Final result 111:109 (29:16, 20:32, 31:26, 31:35);1;Los Angeles Lakers;Oklahoma City Thunder;23 Nov 2016;111;109;2016-2017
903;Los Angeles Lakers - Oklahoma City Thunder;Marathonbet;+141;-154;Wednesday, 23 Nov 2016, 02:30;Final result 111:109 (29:16, 20:32, 31:26, 31:35);1;Los Angeles Lakers;Oklahoma City Thunder;23 Nov 2016;111;109;2016-2017
904;Los Angeles Lakers - Oklahoma City Thunder;Pinnacle;+142;-156;Wednesday, 23 Nov 2016, 02:30;Final result 111:109 (29:16, 20:32, 31:26, 31:35);1;Los Angeles Lakers;Oklahoma City Thunder;23 Nov 2016;111;109;2016-2017
905;Los Angeles Lakers - Oklahoma City Thunder;Unibet;+135;-161;Wednesday, 23 Nov 2016, 02:30;Final result 111:109 (29:16, 20:32, 31:26, 31:35);1;Los Angeles Lakers;Oklahoma City Thunder;23 Nov 2016;111;109;2016-2017
906;Los Angeles Lakers - Oklahoma City Thunder;William Hill;+140;-161;Wednesday, 23 Nov 2016, 02:30;Final result 111:109 (29:16, 20:32, 31:26, 31:35);1;Los Angeles Lakers;Oklahoma City Thunder;23 Nov 2016;111;109;2016-2017
928;Atlanta Hawks - Milwaukee Bucks;1xBet;-233;+172;Wednesday, 16 Nov 2016, 23:30;Final result 107:100 (21:26, 31:9, 32:35, 23:30);1;Atlanta Hawks;Milwaukee Bucks;16 Nov 2016;107;100;2016-2017
929;Atlanta Hawks - Milwaukee Bucks;bet-at-home;-227;+174;Wednesday, 16 Nov 2016, 23:30;Final result 107:100 (21:26, 31:9, 32:35, 23:30);1;Atlanta Hawks;Milwaukee Bucks;16 Nov 2016;107;100;2016-2017
930;Atlanta Hawks - Milwaukee Bucks;bet365;-213;+175;Wednesday, 16 Nov 2016, 23:30;Final result 107:100 (21:26, 31:9, 32:35, 23:30);1;Atlanta Hawks;Milwaukee Bucks;16 Nov 2016;107;100;2016-2017
931;Atlanta Hawks - Milwaukee Bucks;bwin;-250;+200;Wednesday, 16 Nov 2016, 23:30;Final result 107:100 (21:26, 31:9, 32:35, 23:30);1;Atlanta Hawks;Milwaukee Bucks;16 Nov 2016;107;100;2016-2017
932;Atlanta Hawks - Milwaukee Bucks;Marathonbet;-192;+175;Wednesday, 16 Nov 2016, 23:30;Final result 107:100 (21:26, 31:9, 32:35, 23:30);1;Atlanta Hawks;Milwaukee Bucks;16 Nov 2016;107;100;2016-2017
933;Atlanta Hawks - Milwaukee Bucks;Pinnacle;-208;+186;Wednesday, 16 Nov 2016, 23:30;Final result 107:100 (21:26, 31:9, 32:35, 23:30);1;Atlanta Hawks;Milwaukee Bucks;16 Nov 2016;107;100;2016-2017
934;Atlanta Hawks - Milwaukee Bucks;Unibet;-217;+179;Wednesday, 16 Nov 2016, 23:30;Final result 107:100 (21:26, 31:9, 32:35, 23:30);1;Atlanta Hawks;Milwaukee Bucks;16 Nov 2016;107;100;2016-2017
935;Atlanta Hawks - Milwaukee Bucks;William Hill;-222;+179;Wednesday, 16 Nov 2016, 23:30;Final result 107:100 (21:26, 31:9, 32:35, 23:30);1;Atlanta Hawks;Milwaukee Bucks;16 Nov 2016;107;100;2016-2017
957;Atlanta Hawks - Chicago Bulls;1xBet;-164;+150;Wednesday, 09 Nov 2016, 23:30;Final result 115:107 (35:27, 33:34, 26:27, 21:19);1;Atlanta Hawks;Chicago Bulls;09 Nov 2016;115;107;2016-2017
958;Atlanta Hawks - Chicago Bulls;bet-at-home;-169;+133;Wednesday, 09 Nov 2016, 23:30;Final result 115:107 (35:27, 33:34, 26:27, 21:19);1;Atlanta Hawks;Chicago Bulls;09 Nov 2016;115;107;2016-2017
959;Atlanta Hawks - Chicago Bulls;bet365;-161;+140;Wednesday, 09 Nov 2016, 23:30;Final result 115:107 (35:27, 33:34, 26:27, 21:19);1;Atlanta Hawks;Chicago Bulls;09 Nov 2016;115;107;2016-2017
960;Atlanta Hawks - Chicago Bulls;bwin;-161;+135;Wednesday, 09 Nov 2016, 23:30;Final result 115:107 (35:27, 33:34, 26:27, 21:19);1;Atlanta Hawks;Chicago Bulls;09 Nov 2016;115;107;2016-2017
961;Atlanta Hawks - Chicago Bulls;Marathonbet;-167;+152;Wednesday, 09 Nov 2016, 23:30;Final result 115:107 (35:27, 33:34, 26:27, 21:19);1;Atlanta Hawks;Chicago Bulls;09 Nov 2016;115;107;2016-2017
962;Atlanta Hawks - Chicago Bulls;Pinnacle;-156;+142;Wednesday, 09 Nov 2016, 23:30;Final result 115:107 (35:27, 33:34, 26:27, 21:19);1;Atlanta Hawks;Chicago Bulls;09 Nov 2016;115;107;2016-2017
963;Atlanta Hawks - Chicago Bulls;Unibet;-154;+129;Wednesday, 09 Nov 2016, 23:30;Final result 115:107 (35:27, 33:34, 26:27, 21:19);1;Atlanta Hawks;Chicago Bulls;09 Nov 2016;115;107;2016-2017
964;Atlanta Hawks - Chicago Bulls;William Hill;-164;+145;Wednesday, 09 Nov 2016, 23:30;Final result 115:107 (35:27, 33:34, 26:27, 21:19);1;Atlanta Hawks;Chicago Bulls;09 Nov 2016;115;107;2016-2017
986;Boston Celtics - Chicago Bulls;1xBet;-141;+129;Thursday, 03 Nov 2016, 00:00;Final result 107:100 (36:25, 19:27, 26:18, 26:30);1;Boston Celtics;Chicago Bulls;03 Nov 2016;107;100;2016-2017
987;Boston Celtics - Chicago Bulls;bet-at-home;-164;+127;Thursday, 03 Nov 2016, 00:00;Final result 107:100 (36:25, 19:27, 26:18, 26:30);1;Boston Celtics;Chicago Bulls;03 Nov 2016;107;100;2016-2017
988;Boston Celtics - Chicago Bulls;bet365;-167;+145;Thursday, 03 Nov 2016, 00:00;Final result 107:100 (36:25, 19:27, 26:18, 26:30);1;Boston Celtics;Chicago Bulls;03 Nov 2016;107;100;2016-2017
989;Boston Celtics - Chicago Bulls;bwin;-154;+129;Thursday, 03 Nov 2016, 00:00;Final result 107:100 (36:25, 19:27, 26:18, 26:30);1;Boston Celtics;Chicago Bulls;03 Nov 2016;107;100;2016-2017
990;Boston Celtics - Chicago Bulls;Marathonbet;-143;+131;Thursday, 03 Nov 2016, 00:00;Final result 107:100 (36:25, 19:27, 26:18, 26:30);1;Boston Celtics;Chicago Bulls;03 Nov 2016;107;100;2016-2017
991;Boston Celtics - Chicago Bulls;Pinnacle;-159;+143;Thursday, 03 Nov 2016, 00:00;Final result 107:100 (36:25, 19:27, 26:18, 26:30);1;Boston Celtics;Chicago Bulls;03 Nov 2016;107;100;2016-2017
992;Boston Celtics - Chicago Bulls;Unibet;-156;+129;Thursday, 03 Nov 2016, 00:00;Final result 107:100 (36:25, 19:27, 26:18, 26:30);1;Boston Celtics;Chicago Bulls;03 Nov 2016;107;100;2016-2017
993;Boston Celtics - Chicago Bulls;William Hill;-145;+125;Thursday, 03 Nov 2016, 00:00;Final result 107:100 (36:25, 19:27, 26:18, 26:30);1;Boston Celtics;Chicago Bulls;03 Nov 2016;107;100;2016-2017
1015;Memphis Grizzlies - Minnesota Timberwolves;1xBet;+110;-118;Thursday, 27 Oct 2016, 00:00;Final result 102:98 (29:32, 21:27, 26:16, 26:23);1;Memphis Grizzlies;Minnesota Timberwolves;27 Oct 2016;102;98 ;2016-2017
1016;Memphis Grizzlies - Minnesota Timberwolves;bet-at-home;-101;-127;Thursday, 27 Oct 2016, 00:00;Final result 102:98 (29:32, 21:27, 26:16, 26:23);1;Memphis Grizzlies;Minnesota Timberwolves;27 Oct 2016;102;98 ;2016-2017
1017;Memphis Grizzlies - Minnesota Timberwolves;bet365;+104;-125;Thursday, 27 Oct 2016, 00:00;Final result 102:98 (29:32, 21:27, 26:16, 26:23);1;Memphis Grizzlies;Minnesota Timberwolves;27 Oct 2016;102;98 ;2016-2017
1018;Memphis Grizzlies - Minnesota Timberwolves;bwin;+100;-120;Thursday, 27 Oct 2016, 00:00;Final result 102:98 (29:32, 21:27, 26:16, 26:23);1;Memphis Grizzlies;Minnesota Timberwolves;27 Oct 2016;102;98 ;2016-2017
1019;Memphis Grizzlies - Minnesota Timberwolves;Marathonbet;+110;-119;Thursday, 27 Oct 2016, 00:00;Final result 102:98 (29:32, 21:27, 26:16, 26:23);1;Memphis Grizzlies;Minnesota Timberwolves;27 Oct 2016;102;98 ;2016-2017
1020;Memphis Grizzlies - Minnesota Timberwolves;Pinnacle;-102;-108;Thursday, 27 Oct 2016, 00:00;Final result 102:98 (29:32, 21:27, 26:16, 26:23);1;Memphis Grizzlies;Minnesota Timberwolves;27 Oct 2016;102;98 ;2016-2017
1021;Memphis Grizzlies - Minnesota Timberwolves;Unibet;+102;-122;Thursday, 27 Oct 2016, 00:00;Final result 102:98 (29:32, 21:27, 26:16, 26:23);1;Memphis Grizzlies;Minnesota Timberwolves;27 Oct 2016;102;98 ;2016-2017
1022;Memphis Grizzlies - Minnesota Timberwolves;William Hill;+100;-120;Thursday, 27 Oct 2016, 00:00;Final result 102:98 (29:32, 21:27, 26:16, 26:23);1;Memphis Grizzlies;Minnesota Timberwolves;27 Oct 2016;102;98 ;2016-2017
1044;San Antonio Spurs - Miami Heat;1xBet;-250;+220;Saturday, 15 Oct 2016, 00:30;Final result 100:108 (24:30, 24:25, 20:33, 32:20);1;San Antonio Spurs;Miami Heat;15 Oct 2016;100;108;2016-2017
1045;San Antonio Spurs - Miami Heat;bet365;-263;+215;Saturday, 15 Oct 2016, 00:30;Final result 100:108 (24:30, 24:25, 20:33, 32:20);1;San Antonio Spurs;Miami Heat;15 Oct 2016;100;108;2016-2017
1046;San Antonio Spurs - Miami Heat;bwin;-250;+200;Saturday, 15 Oct 2016, 00:30;Final result 100:108 (24:30, 24:25, 20:33, 32:20);1;San Antonio Spurs;Miami Heat;15 Oct 2016;100;108;2016-2017
1047;San Antonio Spurs - Miami Heat;Marathonbet;-256;+222;Saturday, 15 Oct 2016, 00:30;Final result 100:108 (24:30, 24:25, 20:33, 32:20);1;San Antonio Spurs;Miami Heat;15 Oct 2016;100;108;2016-2017
1048;San Antonio Spurs - Miami Heat;Pinnacle;-256;+212;Saturday, 15 Oct 2016, 00:30;Final result 100:108 (24:30, 24:25, 20:33, 32:20);1;San Antonio Spurs;Miami Heat;15 Oct 2016;100;108;2016-2017
1049;San Antonio Spurs - Miami Heat;Unibet;-263;+204;Saturday, 15 Oct 2016, 00:30;Final result 100:108 (24:30, 24:25, 20:33, 32:20);1;San Antonio Spurs;Miami Heat;15 Oct 2016;100;108;2016-2017
1050;San Antonio Spurs - Miami Heat;William Hill;-263;+220;Saturday, 15 Oct 2016, 00:30;Final result 100:108 (24:30, 24:25, 20:33, 32:20);1;San Antonio Spurs;Miami Heat;15 Oct 2016;100;108;2016-2017
1073;Phoenix Suns - San Antonio Spurs;1xBet;-227;+198;Tuesday, 04 Oct 2016, 02:00;Final result 91:86 (20:30, 20:21, 33:18, 18:17);1;Phoenix Suns;San Antonio Spurs;04 Oct 2016; 91;86 ;2016-2017
1074;Phoenix Suns - San Antonio Spurs;bet-at-home;-256;+177;Tuesday, 04 Oct 2016, 02:00;Final result 91:86 (20:30, 20:21, 33:18, 18:17);1;Phoenix Suns;San Antonio Spurs;04 Oct 2016; 91;86 ;2016-2017
1075;Phoenix Suns - San Antonio Spurs;bet365;-233;+190;Tuesday, 04 Oct 2016, 02:00;Final result 91:86 (20:30, 20:21, 33:18, 18:17);1;Phoenix Suns;San Antonio Spurs;04 Oct 2016; 91;86 ;2016-2017
1076;Phoenix Suns - San Antonio Spurs;bwin;-238;+195;Tuesday, 04 Oct 2016, 02:00;Final result 91:86 (20:30, 20:21, 33:18, 18:17);1;Phoenix Suns;San Antonio Spurs;04 Oct 2016; 91;86 ;2016-2017
1077;Phoenix Suns - San Antonio Spurs;Marathonbet;-238;+206;Tuesday, 04 Oct 2016, 02:00;Final result 91:86 (20:30, 20:21, 33:18, 18:17);1;Phoenix Suns;San Antonio Spurs;04 Oct 2016; 91;86 ;2016-2017
1078;Phoenix Suns - San Antonio Spurs;Pinnacle;-227;+190;Tuesday, 04 Oct 2016, 02:00;Final result 91:86 (20:30, 20:21, 33:18, 18:17);1;Phoenix Suns;San Antonio Spurs;04 Oct 2016; 91;86 ;2016-2017
1079;Phoenix Suns - San Antonio Spurs;Unibet;-227;+175;Tuesday, 04 Oct 2016, 02:00;Final result 91:86 (20:30, 20:21, 33:18, 18:17);1;Phoenix Suns;San Antonio Spurs;04 Oct 2016; 91;86 ;2016-2017
1080;Phoenix Suns - San Antonio Spurs;William Hill;-250;+210;Tuesday, 04 Oct 2016, 02:00;Final result 91:86 (20:30, 20:21, 33:18, 18:17);1;Phoenix Suns;San Antonio Spurs;04 Oct 2016; 91;86 ;2016-2017
